episode,episode_reward,win,avg_loss_window
1.0,-12.0,0.0,13.338149070739746
2.0,-11.0,0.0,13.302151679992676
3.0,-26.0,0.0,13.266376177469889
4.0,0.0,1.0,13.231351613998413
5.0,9.0,1.0,12.581426048278809
6.0,4.0,1.0,12.389314492543539
7.0,-12.0,0.0,12.466123853410993
8.0,-16.0,0.0,12.516401529312134
9.0,-28.0,0.0,12.382648997836643
10.0,2.0,1.0,12.565381908416748
11.0,10.0,1.0,12.709415522488682
12.0,-30.0,0.0,12.823999166488647
13.0,-14.0,0.0,12.800975432762733
14.0,-30.0,0.0,12.561167580740792
15.0,-11.0,0.0,12.445505269368489
16.0,-2.0,1.0,12.437921583652496
17.0,-30.0,0.0,12.343887833987965
18.0,-21.0,0.0,12.502725707160103
19.0,-28.0,0.0,12.484543499193693
20.0,7.0,1.0,12.542043352127076
21.0,5.0,1.0,12.564809036254882
22.0,6.0,1.0,12.510401487350464
23.0,-23.0,0.0,12.317008543014527
24.0,-2.0,1.0,12.26946530342102
25.0,8.0,1.0,12.441357183456422
26.0,-23.0,0.0,12.608437871932983
27.0,-11.0,1.0,12.627997016906738
28.0,-15.0,1.0,12.566129589080811
29.0,9.0,1.0,12.581005954742432
30.0,-11.0,0.0,12.442352485656738
31.0,-11.0,0.0,12.450564289093018
32.0,-14.0,0.0,12.389643287658691
33.0,6.0,1.0,12.120868945121765
34.0,-15.0,0.0,12.087312483787537
35.0,10.0,1.0,11.912306976318359
36.0,3.0,1.0,11.853436517715455
37.0,-15.0,0.0,11.782353067398072
38.0,5.0,1.0,11.445501327514648
39.0,-30.0,0.0,11.254738187789917
40.0,9.0,1.0,10.980936956405639
41.0,-30.0,0.0,10.622189259529113
42.0,-13.0,0.0,10.421429753303528
43.0,-17.0,0.0,10.42446963787079
44.0,-13.0,0.0,10.109202766418457
45.0,-15.0,0.0,9.968964433670044
46.0,-11.0,0.0,9.877668809890746
47.0,-30.0,0.0,9.587608432769775
48.0,10.0,1.0,9.412078380584717
49.0,-30.0,0.0,9.052891874313355
50.0,-30.0,0.0,8.736451649665833
51.0,-12.0,0.0,8.39962694644928
52.0,-11.0,1.0,8.098231983184814
53.0,3.0,1.0,8.324968791007995
54.0,-27.0,0.0,8.280919528007507
55.0,-27.0,0.0,8.35530424118042
56.0,-20.0,0.0,8.107457065582276
57.0,-30.0,0.0,7.958971118927002
58.0,-11.0,0.0,8.049224138259888
59.0,10.0,1.0,8.115204668045044
60.0,9.0,1.0,8.046070909500122
61.0,-11.0,0.0,7.997640180587768
62.0,-8.0,1.0,8.074450635910035
63.0,9.0,1.0,7.910689067840576
64.0,-11.0,0.0,7.920260977745056
65.0,-8.0,1.0,7.71501784324646
66.0,-30.0,0.0,7.361717677116394
67.0,-16.0,0.0,7.449870467185974
68.0,-30.0,0.0,7.394724059104919
69.0,-30.0,0.0,7.568100619316101
70.0,-13.0,0.0,7.473751759529113
71.0,-11.0,0.0,7.298489117622376
72.0,-11.0,0.0,7.418658924102783
73.0,7.0,1.0,7.286096048355103
74.0,-30.0,0.0,7.266983819007874
75.0,1.0,1.0,6.9905157566070555
76.0,6.0,1.0,6.9472612857818605
77.0,5.0,1.0,6.907717847824097
78.0,-30.0,0.0,6.7852787733078
79.0,-30.0,0.0,6.625095677375794
80.0,9.0,1.0,6.654719400405884
81.0,-21.0,0.0,6.683568477630615
82.0,1.0,1.0,6.405639004707337
83.0,-30.0,0.0,6.277861785888672
84.0,-11.0,0.0,6.157939839363098
85.0,-30.0,0.0,6.1150470495224
86.0,4.0,1.0,6.247537899017334
87.0,-30.0,0.0,6.030454111099243
88.0,1.0,1.0,5.8617849111557
89.0,10.0,1.0,5.642822706699372
90.0,7.0,1.0,5.849503219127655
91.0,-30.0,0.0,5.981411850452423
92.0,-30.0,0.0,5.8193087697029116
93.0,-30.0,0.0,5.754653751850128
94.0,-4.0,1.0,5.643296897411346
95.0,1.0,1.0,5.723199260234833
96.0,-10.0,0.0,5.709589183330536
97.0,-30.0,0.0,5.7350710272789005
98.0,-30.0,0.0,5.460266649723053
99.0,-10.0,0.0,5.358362972736359
100.0,-30.0,0.0,5.173944306373596
101.0,-14.0,1.0,5.281770896911621
102.0,-28.0,0.0,5.517094874382019
103.0,-8.0,1.0,5.640846562385559
104.0,-30.0,0.0,5.708694410324097
105.0,-30.0,0.0,5.610879075527191
106.0,-30.0,0.0,5.468742215633393
107.0,10.0,1.0,5.50633190870285
108.0,-29.0,0.0,5.485692703723908
109.0,-23.0,0.0,5.645723628997803
110.0,-14.0,0.0,5.598730087280273
111.0,9.0,1.0,5.44493796825409
112.0,-14.0,0.0,5.235857844352722
113.0,-30.0,0.0,5.171659588813782
114.0,5.0,1.0,5.120284533500671
115.0,-2.0,1.0,5.1270777702331545
116.0,-2.0,1.0,5.059876704216004
117.0,-30.0,0.0,4.961790418624878
118.0,9.0,1.0,5.082418847084045
119.0,-30.0,0.0,5.020154309272766
120.0,7.0,1.0,5.069045770168304
121.0,-30.0,0.0,4.791247487068176
122.0,-30.0,0.0,4.4852829575538635
123.0,-29.0,0.0,4.38371571302414
124.0,-30.0,0.0,4.235593140125275
125.0,-30.0,0.0,4.2843550682067875
126.0,-14.0,0.0,4.1095452308654785
127.0,-20.0,0.0,4.0361223220825195
128.0,-2.0,1.0,4.1778682470321655
129.0,-30.0,0.0,4.009252667427063
130.0,10.0,1.0,3.907010722160339
131.0,-30.0,0.0,4.0017647504806515
132.0,-30.0,0.0,4.098274290561676
133.0,-30.0,0.0,3.822164994478226
134.0,-30.0,0.0,3.913733106851578
135.0,-30.0,0.0,3.846021431684494
136.0,10.0,1.0,3.86985267996788
137.0,-30.0,0.0,3.9747675359249115
138.0,-30.0,0.0,3.879051595926285
139.0,-30.0,0.0,3.8437581241130827
140.0,-30.0,0.0,3.743841975927353
141.0,-30.0,0.0,3.899576908349991
142.0,-30.0,0.0,3.9206724226474763
143.0,-30.0,0.0,3.9920993387699126
144.0,10.0,1.0,4.0339954674243925
145.0,-30.0,0.0,3.865306669473648
146.0,-30.0,0.0,3.9632825911045075
147.0,-30.0,0.0,3.955479937791824
148.0,-30.0,0.0,3.7410079061985018
149.0,10.0,1.0,3.7629843294620513
150.0,-30.0,0.0,3.668657749891281
151.0,-30.0,0.0,3.5322570860385896
152.0,-30.0,0.0,3.548779457807541
153.0,-30.0,0.0,3.7450074672698976
154.0,-30.0,0.0,3.691390609741211
155.0,-12.0,0.0,3.7197774052619934
156.0,-30.0,0.0,3.6575108408927917
157.0,-30.0,0.0,3.517775332927704
158.0,9.0,1.0,3.4673303723335267
159.0,-30.0,0.0,3.608723020553589
160.0,-30.0,0.0,3.6039496541023253
161.0,-30.0,0.0,3.5969808220863344
162.0,-30.0,0.0,3.6502460718154905
163.0,-30.0,0.0,3.6651498079299927
164.0,-30.0,0.0,3.7513580083847047
165.0,-30.0,0.0,3.817133867740631
166.0,-30.0,0.0,3.809459912776947
167.0,-30.0,0.0,3.791077971458435
168.0,-30.0,0.0,3.9274073362350466
169.0,10.0,1.0,3.8970972299575806
170.0,-30.0,0.0,3.8285984992980957
171.0,-30.0,0.0,4.020421469211579
172.0,-30.0,0.0,4.144527804851532
173.0,10.0,1.0,4.19497846364975
174.0,-30.0,0.0,4.446344101428986
175.0,-30.0,0.0,4.398846757411957
176.0,-30.0,0.0,4.528549945354461
177.0,4.0,1.0,4.713019335269928
178.0,8.0,1.0,4.987493348121643
179.0,-30.0,0.0,5.05291223526001
180.0,-30.0,0.0,5.272110712528229
181.0,10.0,1.0,5.128274023532867
182.0,8.0,1.0,5.103945457935334
183.0,-30.0,0.0,5.000006973743439
184.0,-30.0,0.0,4.868090665340423
185.0,-30.0,0.0,4.842020213603973
186.0,-30.0,0.0,4.779429817199707
187.0,-30.0,0.0,4.67588443160057
188.0,-30.0,0.0,4.650653427839279
189.0,-30.0,0.0,4.863535159826279
190.0,-30.0,0.0,5.037726265192032
191.0,-30.0,0.0,4.984201484918595
192.0,-22.0,0.0,5.0185175240039825
193.0,7.0,1.0,5.134649258852005
194.0,-30.0,0.0,4.665336883068084
195.0,-30.0,0.0,4.609443962574005
196.0,10.0,1.0,4.542961251735687
197.0,-30.0,0.0,4.548864614963532
198.0,-30.0,0.0,4.482046115398407
199.0,-12.0,1.0,4.364170777797699
200.0,-30.0,0.0,4.216310465335846
201.0,-30.0,0.0,4.305402910709381
202.0,6.0,1.0,4.375683224201202
203.0,-10.0,0.0,4.357928729057312
204.0,-30.0,0.0,4.396995854377747
205.0,-11.0,0.0,4.7158634781837465
206.0,9.0,1.0,4.868805289268494
207.0,-30.0,0.0,5.139332121610641
208.0,-30.0,0.0,5.331999224424362
209.0,-30.0,0.0,5.074626153707504
210.0,-30.0,0.0,5.141600865125656
211.0,-30.0,0.0,5.217437118291855
212.0,-30.0,0.0,4.957726866006851
213.0,-30.0,0.0,4.76216636300087
214.0,-30.0,0.0,4.856391358375549
215.0,-30.0,0.0,4.951254868507386
216.0,-30.0,0.0,5.036856675148011
217.0,-30.0,0.0,4.7687101542949675
218.0,9.0,1.0,4.665494984388351
219.0,-30.0,0.0,4.627823978662491
220.0,-30.0,0.0,4.6037210643291475
221.0,10.0,1.0,4.631728810071945
222.0,10.0,1.0,4.515983861684799
223.0,-30.0,0.0,4.678019338846207
224.0,-30.0,0.0,4.645770794153213
225.0,-12.0,0.0,4.5692241251468655
226.0,-30.0,0.0,4.366583847999573
227.0,-30.0,0.0,4.132729852199555
228.0,-13.0,0.0,4.161899292469025
229.0,10.0,1.0,4.356403243541718
230.0,-30.0,0.0,4.178148400783539
231.0,-30.0,0.0,3.9162054538726805
232.0,-30.0,0.0,3.892499494552612
233.0,-20.0,0.0,3.8099463105201723
234.0,-30.0,0.0,3.7872548699378967
235.0,-30.0,0.0,3.6876413226127625
236.0,-30.0,0.0,3.5769875049591064
237.0,10.0,1.0,3.770227986574173
238.0,-30.0,0.0,3.8386960327625275
239.0,-30.0,0.0,3.884936398267746
240.0,-30.0,0.0,3.7950391709804534
241.0,10.0,1.0,3.6964042842388154
242.0,-30.0,0.0,3.682849997282028
243.0,-30.0,0.0,3.5599688231945037
244.0,-18.0,0.0,3.581865042448044
245.0,-30.0,0.0,3.5349760711193086
246.0,-30.0,0.0,3.6670660734176637
247.0,-30.0,0.0,3.6581541538238525
248.0,-30.0,0.0,3.707936000823975
249.0,6.0,1.0,3.614953708648682
250.0,-30.0,0.0,3.7707720518112184
251.0,-30.0,0.0,3.936974036693573
252.0,-10.0,0.0,3.9663306713104247
253.0,-30.0,0.0,3.9939552664756777
254.0,-12.0,0.0,4.191228592395783
255.0,-30.0,0.0,4.297651445865631
256.0,-30.0,0.0,4.4019372940063475
257.0,-30.0,0.0,4.28487743139267
258.0,-10.0,0.0,4.255530059337616
259.0,-30.0,0.0,4.117705845832825
260.0,4.0,1.0,4.299923121929169
261.0,-30.0,0.0,4.238550961017609
262.0,-30.0,0.0,4.427423655986786
263.0,-30.0,0.0,4.427544176578522
264.0,-30.0,0.0,4.462562227249146
265.0,-30.0,0.0,4.446333980560302
266.0,-30.0,0.0,4.446476984024048
267.0,-30.0,0.0,4.44479740858078
268.0,-30.0,0.0,4.28552542924881
269.0,-30.0,0.0,4.238402760028839
270.0,-30.0,0.0,4.045998847484588
271.0,-30.0,0.0,3.987215530872345
272.0,-30.0,0.0,4.261088001728058
273.0,-30.0,0.0,4.2635144829750065
274.0,-30.0,0.0,4.134484302997589
275.0,-30.0,0.0,4.034314262866974
276.0,-30.0,0.0,4.129892027378082
277.0,-30.0,0.0,4.2102138757705685
278.0,-30.0,0.0,4.131158030033111
279.0,-30.0,0.0,4.094631731510162
280.0,-30.0,0.0,4.020829665660858
281.0,-30.0,0.0,4.242368352413178
282.0,9.0,1.0,4.263037860393524
283.0,-30.0,0.0,4.31706269979477
284.0,-30.0,0.0,4.490790367126465
285.0,9.0,1.0,4.536122107505799
286.0,-30.0,0.0,4.620867919921875
287.0,-30.0,0.0,4.646686267852783
288.0,10.0,1.0,4.498193454742432
289.0,-30.0,0.0,4.4713553309440615
290.0,-30.0,0.0,4.641592466831208
291.0,-24.0,0.0,4.7316599726676944
292.0,-30.0,0.0,4.570950925350189
293.0,7.0,1.0,4.69208654165268
294.0,-30.0,0.0,4.69452794790268
295.0,-30.0,0.0,4.706269252300262
296.0,-30.0,0.0,4.39982578754425
297.0,-30.0,0.0,4.478389096260071
298.0,10.0,1.0,4.663852322101593
299.0,-30.0,0.0,4.697786128520965
300.0,-30.0,0.0,4.775040566921234
301.0,-30.0,0.0,4.742768132686615
302.0,-30.0,0.0,4.790343821048737
303.0,-30.0,0.0,4.673804080486297
304.0,-30.0,0.0,4.551254284381867
305.0,-30.0,0.0,4.37528805732727
306.0,-30.0,0.0,4.365193700790405
307.0,-30.0,0.0,4.4741131067276
308.0,10.0,1.0,4.772581720352173
309.0,-30.0,0.0,4.983244383335114
310.0,-30.0,0.0,4.978584063053131
311.0,5.0,1.0,4.992981684207916
312.0,10.0,1.0,5.006788527965545
313.0,-30.0,0.0,4.95717886686325
314.0,-30.0,0.0,5.092209351062775
315.0,-30.0,0.0,5.139259576797485
316.0,-30.0,0.0,5.2435742020606995
317.0,-30.0,0.0,5.010226356983185
318.0,10.0,1.0,4.816229784488678
319.0,-30.0,0.0,4.89564059972763
320.0,-30.0,0.0,4.990695059299469
321.0,-30.0,0.0,4.979718792438507
322.0,-30.0,0.0,4.7659758687019345
323.0,10.0,1.0,4.853897607326507
324.0,-30.0,0.0,4.840740048885346
325.0,2.0,1.0,5.048329758644104
326.0,5.0,1.0,5.0723306894302365
327.0,-30.0,0.0,4.977219545841217
328.0,10.0,1.0,4.692887413501739
329.0,7.0,1.0,4.503945326805114
330.0,-30.0,0.0,4.44350311756134
331.0,-30.0,0.0,4.595171046257019
332.0,-30.0,0.0,4.555620741844177
333.0,-30.0,0.0,4.600785088539124
334.0,-30.0,0.0,4.514137077331543
335.0,-30.0,0.0,4.473228633403778
336.0,-30.0,0.0,4.424747383594513
337.0,-30.0,0.0,4.396733510494232
338.0,-30.0,0.0,4.48433884382248
339.0,-30.0,0.0,4.61599292755127
340.0,10.0,1.0,4.599246859550476
341.0,-30.0,0.0,4.509676241874695
342.0,-30.0,0.0,4.508585345745087
343.0,-30.0,0.0,4.642066037654876
344.0,-10.0,0.0,4.7808075785636905
345.0,-30.0,0.0,4.622076070308685
346.0,-30.0,0.0,4.69337431192398
347.0,10.0,1.0,4.81655650138855
348.0,-11.0,0.0,4.7493980646133425
349.0,-30.0,0.0,4.761379754543304
350.0,-30.0,0.0,4.7881798386573795
351.0,-30.0,0.0,4.459290671348572
352.0,-30.0,0.0,4.608653545379639
353.0,-30.0,0.0,4.434468364715576
354.0,-30.0,0.0,4.6332683086395265
355.0,-30.0,0.0,4.661564493179322
356.0,-30.0,0.0,4.812111735343933
357.0,9.0,1.0,4.831244790554047
358.0,-30.0,0.0,4.813258421421051
359.0,9.0,1.0,4.620766651630402
360.0,-30.0,0.0,4.336504542827607
361.0,10.0,1.0,4.280497562885285
362.0,-30.0,0.0,4.329165530204773
363.0,10.0,1.0,4.064767873287201
364.0,-30.0,0.0,4.0551805853843685
365.0,-30.0,0.0,3.93536958694458
366.0,-11.0,0.0,3.6224655508995056
367.0,-13.0,0.0,3.674173128604889
368.0,-30.0,0.0,3.6785462141036986
369.0,-10.0,0.0,3.763860297203064
370.0,-30.0,0.0,3.6552544236183167
371.0,9.0,1.0,3.618612951040268
372.0,10.0,1.0,3.4382815420627595
373.0,-14.0,0.0,3.407995569705963
374.0,-30.0,0.0,3.1926751017570494
375.0,-30.0,0.0,3.124053978919983
376.0,-30.0,0.0,2.951098453998566
377.0,-30.0,0.0,3.20814311504364
378.0,-10.0,0.0,3.098163366317749
379.0,-30.0,0.0,3.345310688018799
380.0,10.0,1.0,3.544696068763733
381.0,-30.0,0.0,3.549553370475769
382.0,-30.0,0.0,3.5156432032585143
383.0,8.0,1.0,3.5722329378128053
384.0,-30.0,0.0,3.4288906931877134
385.0,10.0,1.0,3.5396878004074095
386.0,10.0,1.0,3.62947541475296
387.0,-30.0,0.0,3.4850669860839845
388.0,-30.0,0.0,3.511796474456787
389.0,-30.0,0.0,3.6179160833358766
390.0,8.0,1.0,3.779788839817047
391.0,-30.0,0.0,3.9272805869579317
392.0,-30.0,0.0,3.910138374567032
393.0,-30.0,0.0,4.118094825744629
394.0,-30.0,0.0,4.123612952232361
395.0,-30.0,0.0,4.134949886798859
396.0,10.0,1.0,4.238121080398559
397.0,9.0,1.0,4.015248656272888
398.0,-30.0,0.0,4.19885618686676
399.0,-30.0,0.0,4.055075716972351
400.0,-30.0,0.0,4.065441823005676
401.0,10.0,1.0,3.9650245547294616
402.0,-30.0,0.0,4.171385860443115
403.0,-30.0,0.0,4.450626087188721
404.0,-30.0,0.0,4.515274155139923
405.0,-30.0,0.0,4.532915413379669
406.0,-30.0,0.0,4.474466407299042
407.0,6.0,1.0,4.382620346546173
408.0,-30.0,0.0,4.439487206935882
409.0,-30.0,0.0,4.40976449251175
410.0,-30.0,0.0,4.441782009601593
411.0,-30.0,0.0,4.3360934376716616
412.0,-10.0,0.0,4.384951055049896
413.0,-30.0,0.0,4.202917444705963
414.0,-30.0,0.0,4.1607868552207945
415.0,-30.0,0.0,4.1788817048072815
416.0,-30.0,0.0,4.209802806377411
417.0,-30.0,0.0,4.298258888721466
418.0,10.0,1.0,4.266294538974762
419.0,-10.0,0.0,4.149928510189056
420.0,-30.0,0.0,4.103489482402802
421.0,-30.0,0.0,4.144551700353622
422.0,-11.0,0.0,4.010538309812546
423.0,-11.0,0.0,3.8563542306423186
424.0,9.0,1.0,3.773257941007614
425.0,-30.0,0.0,3.6710846602916716
426.0,-30.0,0.0,3.901968997716904
427.0,-30.0,0.0,3.9489488661289216
428.0,-30.0,0.0,3.8767496407032014
429.0,-30.0,0.0,3.655888682603836
430.0,9.0,1.0,3.50582669377327
431.0,-30.0,0.0,3.5394316017627716
432.0,-30.0,0.0,3.46498389840126
433.0,-30.0,0.0,3.6044924557209015
434.0,-30.0,0.0,3.621502619981766
435.0,7.0,1.0,3.634827882051468
436.0,-30.0,0.0,3.6326408207416536
437.0,-30.0,0.0,3.5226354539394378
438.0,-30.0,0.0,3.4515670001506806
439.0,-25.0,0.0,3.6261593759059907
440.0,-1.0,1.0,3.529770165681839
441.0,-10.0,0.0,3.518867641687393
442.0,-30.0,0.0,3.5769889891147613
443.0,7.0,1.0,3.42982160449028
444.0,-30.0,0.0,3.4526908814907076
445.0,-10.0,0.0,3.4172825872898103
446.0,-30.0,0.0,3.195117527246475
447.0,-30.0,0.0,3.229545909166336
448.0,10.0,1.0,3.3114735543727876
449.0,-10.0,0.0,3.2788535177707674
450.0,-30.0,0.0,3.287667852640152
451.0,10.0,1.0,3.249617117643356
452.0,-11.0,0.0,3.2965634882450106
453.0,-30.0,0.0,3.269920068979263
454.0,-30.0,0.0,3.33651459813118
455.0,-30.0,0.0,3.4103554785251617
456.0,-30.0,0.0,3.3080120623111724
457.0,9.0,1.0,3.3577330887317656
458.0,-30.0,0.0,3.3004932940006255
459.0,-30.0,0.0,3.1569767534732818
460.0,-30.0,0.0,3.076795095205307
461.0,-30.0,0.0,3.330511689186096
462.0,-30.0,0.0,3.1313079237937926
463.0,-30.0,0.0,3.2388532161712646
464.0,-30.0,0.0,3.205929934978485
465.0,-10.0,0.0,3.217907327413559
466.0,-10.0,0.0,3.248669856786728
467.0,10.0,1.0,3.1645227432250977
468.0,9.0,1.0,3.2163556098937987
469.0,-30.0,0.0,3.34898601770401
470.0,-30.0,0.0,3.4238526463508605
471.0,-30.0,0.0,3.4786924600601195
472.0,-30.0,0.0,3.4512312769889832
473.0,-30.0,0.0,3.3105928778648375
474.0,-30.0,0.0,3.2619409918785096
475.0,-30.0,0.0,3.268625295162201
476.0,10.0,1.0,3.28310889005661
477.0,-30.0,0.0,3.19574898481369
478.0,-30.0,0.0,3.1322351694107056
479.0,10.0,1.0,3.1045809388160706
480.0,10.0,1.0,3.1410371005535125
481.0,-30.0,0.0,2.9126027882099152
482.0,-30.0,0.0,2.943660444021225
483.0,-30.0,0.0,2.901595968008041
484.0,-30.0,0.0,2.928971606492996
485.0,-30.0,0.0,3.1020707726478576
486.0,-30.0,0.0,3.04383926987648
487.0,-30.0,0.0,3.0500112175941467
488.0,-30.0,0.0,2.919749748706818
489.0,-30.0,0.0,2.7943140625953675
490.0,-30.0,0.0,2.706526744365692
491.0,-30.0,0.0,2.750130569934845
492.0,-30.0,0.0,2.7138474345207215
493.0,-30.0,0.0,2.756443965435028
494.0,-30.0,0.0,2.739625036716461
495.0,-30.0,0.0,2.712139976024628
496.0,-30.0,0.0,2.6546311259269713
497.0,-30.0,0.0,2.675982964038849
498.0,-30.0,0.0,2.7076177835464477
499.0,-30.0,0.0,2.718086469173431
500.0,-30.0,0.0,2.7404792964458466
501.0,-30.0,0.0,2.7899755418300627
502.0,10.0,1.0,2.7364962220191957
503.0,10.0,1.0,2.6656417846679688
504.0,10.0,1.0,2.581675374507904
505.0,-30.0,0.0,2.5398860573768616
506.0,-30.0,0.0,2.5421507596969604
507.0,-30.0,0.0,2.63329359292984
508.0,-30.0,0.0,2.65362035036087
509.0,10.0,1.0,2.759285867214203
510.0,10.0,1.0,2.756916511058807
511.0,-30.0,0.0,2.6944390892982484
512.0,10.0,1.0,2.762049925327301
513.0,-30.0,0.0,2.8377281665802
514.0,-10.0,0.0,2.8562438011169435
515.0,-30.0,0.0,2.8650320053100584
516.0,-30.0,0.0,2.8510158598423003
517.0,10.0,1.0,2.9283057153224945
518.0,-30.0,0.0,3.0294278085231783
519.0,-30.0,0.0,2.9705037772655487
520.0,7.0,1.0,3.003140550851822
521.0,-30.0,0.0,3.016206282377243
522.0,-9.0,1.0,3.1231579542160035
523.0,9.0,1.0,3.211315667629242
524.0,-30.0,0.0,3.2128489136695864
525.0,-11.0,0.0,3.1909897923469543
526.0,-30.0,0.0,3.234567624330521
527.0,-30.0,0.0,3.141374760866165
528.0,-30.0,0.0,3.1099057137966155
529.0,-30.0,0.0,2.9572961270809173
530.0,-30.0,0.0,2.9856068551540376
531.0,-16.0,1.0,2.9794824540615084
532.0,10.0,1.0,2.88426952958107
533.0,-30.0,0.0,2.7796317458152773
534.0,-30.0,0.0,2.7056320548057555
535.0,-30.0,0.0,2.5678402841091157
536.0,-30.0,0.0,2.594653582572937
537.0,-30.0,0.0,2.6545592069625856
538.0,-30.0,0.0,2.535721409320831
539.0,-30.0,0.0,2.58873273730278
540.0,-30.0,0.0,2.5492299020290377
541.0,-10.0,0.0,2.4508298993110658
542.0,-30.0,0.0,2.384627330303192
543.0,-30.0,0.0,2.3617862820625306
544.0,10.0,1.0,2.3669941902160643
545.0,-30.0,0.0,2.260934925079346
546.0,-30.0,0.0,2.2333826541900637
547.0,-30.0,0.0,2.3205265283584593
548.0,9.0,1.0,2.338439953327179
549.0,6.0,1.0,2.398165023326874
550.0,-30.0,0.0,2.4579405665397642
551.0,-30.0,0.0,2.424196112155914
552.0,-30.0,0.0,2.508072090148926
553.0,-30.0,0.0,2.5749144852161407
554.0,-30.0,0.0,2.673208695650101
555.0,8.0,1.0,2.677011436223984
556.0,-11.0,0.0,2.712817221879959
557.0,8.0,1.0,2.618975192308426
558.0,-30.0,0.0,2.624478894472122
559.0,-30.0,0.0,2.7144652724266054
560.0,-13.0,0.0,2.8000850796699526
561.0,-30.0,0.0,2.906163161993027
562.0,-30.0,0.0,2.983107680082321
563.0,1.0,1.0,2.957528990507126
564.0,10.0,1.0,2.9094842255115507
565.0,-30.0,0.0,2.9038540422916412
566.0,-30.0,0.0,2.942967599630356
567.0,-30.0,0.0,2.9181550681591033
568.0,10.0,1.0,2.925725597143173
569.0,-30.0,0.0,2.8936971604824064
570.0,-10.0,0.0,2.7220255076885223
571.0,-30.0,0.0,2.7270644843578338
572.0,-10.0,0.0,2.674900549650192
573.0,-30.0,0.0,2.6425701558589934
574.0,-30.0,0.0,2.5460213840007784
575.0,-30.0,0.0,2.699440932273865
576.0,-30.0,0.0,2.588080847263336
577.0,9.0,1.0,2.6714326977729796
578.0,-30.0,0.0,2.706657886505127
579.0,5.0,1.0,2.609883522987366
580.0,-10.0,0.0,2.5978204727172853
581.0,-30.0,0.0,2.640255928039551
582.0,-30.0,0.0,2.616220307350159
583.0,-30.0,0.0,2.556953477859497
584.0,-11.0,0.0,2.6695986866950987
585.0,-30.0,0.0,2.720896065235138
586.0,-30.0,0.0,2.7040069103240967
587.0,3.0,1.0,2.628689634799957
588.0,-30.0,0.0,2.5785836040973664
589.0,-30.0,0.0,2.6084539234638213
590.0,-30.0,0.0,2.7592426598072053
591.0,6.0,1.0,2.796131306886673
592.0,6.0,1.0,2.8662830173969267
593.0,-30.0,0.0,2.7992662131786346
594.0,-30.0,0.0,2.8391033589839934
595.0,-30.0,0.0,2.8883449494838715
596.0,10.0,1.0,3.053739196062088
597.0,-30.0,0.0,3.1565742552280427
598.0,-30.0,0.0,3.1297796428203584
599.0,-12.0,0.0,3.167232996225357
600.0,1.0,1.0,3.1480304062366486
601.0,-30.0,0.0,3.079256922006607
602.0,-30.0,0.0,3.0505005419254303
603.0,-30.0,0.0,3.0222822725772858
604.0,-30.0,0.0,2.940749543905258
605.0,-30.0,0.0,2.9839785397052765
606.0,-30.0,0.0,3.0482384860515594
607.0,-30.0,0.0,3.2074781954288483
608.0,-30.0,0.0,3.272996175289154
609.0,-30.0,0.0,3.262633442878723
610.0,-30.0,0.0,3.1791733264923097
611.0,-12.0,0.0,3.2299577951431275
612.0,-30.0,0.0,3.2147459864616392
613.0,-30.0,0.0,3.423562169075012
614.0,-30.0,0.0,3.4007745742797852
615.0,-30.0,0.0,3.2647508144378663
616.0,-13.0,0.0,3.276701045036316
617.0,-30.0,0.0,3.0952157378196716
618.0,-30.0,0.0,3.1035990834236147
619.0,-30.0,0.0,3.058374619483948
620.0,-30.0,0.0,3.042797064781189
621.0,-4.0,1.0,3.0185906052589417
622.0,-30.0,0.0,2.9450090289115907
623.0,-30.0,0.0,3.055086362361908
624.0,10.0,1.0,3.1069132804870607
625.0,-30.0,0.0,3.105594718456268
626.0,-30.0,0.0,3.0459720492362976
627.0,-30.0,0.0,3.035649359226227
628.0,-30.0,0.0,2.973794561624527
629.0,-11.0,0.0,3.050821989774704
630.0,7.0,1.0,3.002210998535156
631.0,-30.0,0.0,2.8554365158081056
632.0,9.0,1.0,2.7503236055374147
633.0,-11.0,0.0,2.681453788280487
634.0,-30.0,0.0,2.704028010368347
635.0,-30.0,0.0,2.8499815702438354
636.0,-30.0,0.0,2.75529682636261
637.0,1.0,1.0,2.7731528878211975
638.0,-30.0,0.0,2.7659913897514343
639.0,10.0,1.0,2.7730512857437133
640.0,-30.0,0.0,2.7372838258743286
641.0,-30.0,0.0,2.7184797286987306
642.0,-30.0,0.0,2.7900274276733397
643.0,10.0,1.0,2.724437654018402
644.0,-30.0,0.0,2.775912868976593
645.0,-30.0,0.0,2.694063055515289
646.0,-30.0,0.0,2.762381601333618
647.0,7.0,1.0,2.595407998561859
648.0,7.0,1.0,2.640277498960495
649.0,9.0,1.0,2.5852002561092378
650.0,10.0,1.0,2.613161873817444
651.0,-30.0,0.0,2.745339560508728
652.0,-30.0,0.0,2.8627825498580934
653.0,-30.0,0.0,2.911320960521698
654.0,9.0,1.0,2.9175218820571898
655.0,-30.0,0.0,2.8256351828575133
656.0,-30.0,0.0,2.9832587838172913
657.0,-30.0,0.0,3.0199895977973936
658.0,-30.0,0.0,3.1783678770065307
659.0,-39.0,0.0,3.2973005771636963
660.0,-30.0,0.0,3.291540598869324
661.0,8.0,1.0,3.3704566597938537
662.0,-30.0,0.0,3.5489739775657654
663.0,-30.0,0.0,3.6564400672912596
664.0,-30.0,0.0,3.5160741806030273
665.0,-30.0,0.0,3.5485268592834474
666.0,9.0,1.0,3.5374664306640624
667.0,-30.0,0.0,3.603735053539276
668.0,-30.0,0.0,3.6325257897377012
669.0,-30.0,0.0,3.662295639514923
670.0,-30.0,0.0,3.649189841747284
671.0,-30.0,0.0,3.598409414291382
672.0,-12.0,0.0,3.599588143825531
673.0,7.0,1.0,3.555996286869049
674.0,-30.0,0.0,3.495667779445648
675.0,-30.0,0.0,3.3963162004947662
676.0,-30.0,0.0,3.262914687395096
677.0,-30.0,0.0,3.330679589509964
678.0,-30.0,0.0,3.2948659718036652
679.0,-30.0,0.0,3.220279723405838
680.0,-30.0,0.0,3.181939625740051
681.0,5.0,1.0,3.0925965547561645
682.0,-30.0,0.0,2.816756319999695
683.0,-30.0,0.0,2.6764940202236174
684.0,-30.0,0.0,2.7280663549900055
685.0,-30.0,0.0,2.6903514325618745
686.0,-30.0,0.0,2.5823842108249666
687.0,-11.0,0.0,2.707617479562759
688.0,-30.0,0.0,2.6199459969997405
689.0,-10.0,0.0,2.553272581100464
690.0,-30.0,0.0,2.7005083918571473
691.0,-30.0,0.0,2.659525227546692
692.0,-30.0,0.0,2.6993507862091066
693.0,-30.0,0.0,2.8679081916809084
694.0,-30.0,0.0,2.8738438487052917
695.0,-30.0,0.0,2.9400438606739043
696.0,-30.0,0.0,3.0063356935977934
697.0,-30.0,0.0,2.9707748711109163
698.0,-30.0,0.0,2.9237379014492033
699.0,10.0,1.0,2.994104617834091
700.0,-10.0,0.0,3.0629289865493776
701.0,-30.0,0.0,3.0403480410575865
702.0,-30.0,0.0,3.079012554883957
703.0,-11.0,0.0,3.3106621742248534
704.0,9.0,1.0,3.384466278553009
705.0,-30.0,0.0,3.322317573428154
706.0,9.0,1.0,3.3227980226278304
707.0,10.0,1.0,3.236115536093712
708.0,-30.0,0.0,3.195099911093712
709.0,-11.0,0.0,3.164539340138435
710.0,-30.0,0.0,2.990303394198418
711.0,10.0,1.0,3.0537173002958298
712.0,-30.0,0.0,2.881372147798538
713.0,-30.0,0.0,2.5603393495082853
714.0,-30.0,0.0,2.5655536472797396
715.0,-10.0,0.0,2.493892163038254
716.0,-30.0,0.0,2.365953779220581
717.0,-30.0,0.0,2.3071349382400514
718.0,-30.0,0.0,2.2363930463790895
719.0,-10.0,0.0,2.1710487365722657
720.0,-30.0,0.0,2.1917171597480776
721.0,-30.0,0.0,2.173771101236343
722.0,10.0,1.0,2.325286555290222
723.0,-30.0,0.0,2.1358859062194826
724.0,10.0,1.0,2.332625412940979
725.0,-30.0,0.0,2.351620852947235
726.0,9.0,1.0,2.418650448322296
727.0,1.0,1.0,2.4974369645118712
728.0,-30.0,0.0,2.776416850090027
729.0,-30.0,0.0,2.820787513256073
730.0,9.0,1.0,2.9760603845119475
731.0,-10.0,0.0,2.9368128359317778
732.0,-30.0,0.0,3.0509658068418504
733.0,10.0,1.0,3.3770020097494124
734.0,-30.0,0.0,3.3186308652162553
735.0,-30.0,0.0,3.5565742164850236
736.0,9.0,1.0,3.781072697043419
737.0,-30.0,0.0,3.7001815289258957
738.0,-30.0,0.0,3.8253487676382063
739.0,-30.0,0.0,3.8188105791807176
740.0,-30.0,0.0,3.8069907516241073
741.0,10.0,1.0,3.855230984091759
742.0,-30.0,0.0,3.699229601025581
743.0,-30.0,0.0,3.6807053834199905
744.0,-10.0,0.0,3.4864883691072466
745.0,-30.0,0.0,3.6474839627742766
746.0,9.0,1.0,3.618869239091873
747.0,-30.0,0.0,3.455587911605835
748.0,-10.0,0.0,3.4121470928192137
749.0,-30.0,0.0,3.4834837079048158
750.0,-11.0,0.0,3.4403915882110594
751.0,-30.0,0.0,3.5300464034080505
752.0,-11.0,0.0,3.4909822821617125
753.0,-30.0,0.0,3.3021929025650025
754.0,-30.0,0.0,3.282156604528427
755.0,-30.0,0.0,3.1567553699016573
756.0,-30.0,0.0,2.9705348670482636
757.0,10.0,1.0,2.957269960641861
758.0,-30.0,0.0,3.049385720491409
759.0,-30.0,0.0,3.2642644107341767
760.0,-30.0,0.0,3.236495095491409
761.0,-30.0,0.0,3.3228633761405946
762.0,-11.0,0.0,3.3616067707538604
763.0,-30.0,0.0,3.385035640001297
764.0,9.0,1.0,3.2933662235736847
765.0,-30.0,0.0,3.2430411756038664
766.0,8.0,1.0,3.1959071338176726
767.0,-30.0,0.0,3.2799477696418764
768.0,10.0,1.0,3.1119856953620912
769.0,10.0,1.0,3.0884411692619325
770.0,-30.0,0.0,3.3134153127670287
771.0,-30.0,0.0,3.330006456375122
772.0,-5.0,1.0,3.284813266992569
773.0,-30.0,0.0,3.2774893939495087
774.0,-30.0,0.0,3.4525082647800445
775.0,-30.0,0.0,3.4484646379947663
776.0,-15.0,0.0,3.697318035364151
777.0,-30.0,0.0,3.82470161318779
778.0,-30.0,0.0,3.7272419393062592
779.0,-11.0,0.0,3.5677283823490145
780.0,-30.0,0.0,3.732103222608566
781.0,9.0,1.0,3.6393580377101897
782.0,-30.0,0.0,3.6452448427677155
783.0,-30.0,0.0,3.680830329656601
784.0,-30.0,0.0,3.749676436185837
785.0,-30.0,0.0,3.825188857316971
786.0,-30.0,0.0,4.191349810361862
787.0,-15.0,1.0,4.268717724084854
788.0,-30.0,0.0,4.220151609182357
789.0,-30.0,0.0,4.237576669454574
790.0,-30.0,0.0,3.926235145330429
791.0,-30.0,0.0,3.8607512176036836
792.0,-30.0,0.0,3.958103597164154
793.0,-30.0,0.0,3.9465260028839113
794.0,6.0,1.0,3.8948395609855653
795.0,-30.0,0.0,3.873595583438873
796.0,-30.0,0.0,3.672794282436371
797.0,-12.0,0.0,3.6373029470443727
798.0,-30.0,0.0,3.514058256149292
799.0,-30.0,0.0,3.4319459557533265
800.0,7.0,1.0,3.251261055469513
801.0,-30.0,0.0,3.2193608045578004
802.0,-30.0,0.0,3.233881044387817
803.0,-6.0,1.0,3.1601285099983216
804.0,-30.0,0.0,3.055446243286133
805.0,-30.0,0.0,3.1467907428741455
806.0,-11.0,0.0,2.8346828699111937
807.0,-30.0,0.0,2.7738154411315916
808.0,-30.0,0.0,2.7957676112651826
809.0,7.0,1.0,2.7386112034320833
810.0,-30.0,0.0,3.005824166536331
811.0,9.0,1.0,3.048902040719986
812.0,-30.0,0.0,3.0163603127002716
813.0,-30.0,0.0,3.0098189055919646
814.0,-30.0,0.0,3.1252054989337923
815.0,-30.0,0.0,3.2803039371967317
816.0,-30.0,0.0,3.2387453854084014
817.0,-11.0,0.0,3.181631404161453
818.0,-30.0,0.0,3.1722024738788606
819.0,9.0,1.0,3.414348417520523
820.0,-30.0,0.0,3.597879081964493
821.0,-30.0,0.0,3.8385054409503936
822.0,-30.0,0.0,3.9061693012714387
823.0,-30.0,0.0,3.9431612312793733
824.0,-30.0,0.0,4.077163165807724
825.0,-30.0,0.0,3.9443492352962495
826.0,-30.0,0.0,4.002221912145615
827.0,10.0,1.0,4.0739830195903775
828.0,-16.0,1.0,4.162439131736756
829.0,10.0,1.0,4.190243351459503
830.0,4.0,1.0,3.9178948402404785
831.0,-30.0,0.0,3.814565134048462
832.0,-30.0,0.0,3.928920364379883
833.0,-30.0,0.0,4.041990065574646
834.0,9.0,1.0,3.9987783193588258
835.0,-30.0,0.0,3.899111342430115
836.0,-30.0,0.0,3.8786248564720154
837.0,-30.0,0.0,3.8369306564331054
838.0,7.0,1.0,3.9509117603302
839.0,7.0,1.0,3.811439323425293
840.0,-30.0,0.0,3.5843841791152955
841.0,-30.0,0.0,3.346597617864609
842.0,-30.0,0.0,3.2069674730300903
843.0,-30.0,0.0,3.2482736825942995
844.0,-30.0,0.0,3.1645074009895326
845.0,-12.0,0.0,3.0696767449378966
846.0,-30.0,0.0,3.1732324957847595
847.0,-30.0,0.0,3.0026809155941008
848.0,8.0,1.0,2.8696927964687347
849.0,9.0,1.0,2.846880406141281
850.0,-30.0,0.0,2.8373066604137422
851.0,-30.0,0.0,2.85815686583519
852.0,-30.0,0.0,2.8643760859966276
853.0,-30.0,0.0,2.7695915043354034
854.0,-10.0,0.0,2.6995473206043243
855.0,7.0,1.0,2.586402803659439
856.0,-30.0,0.0,2.567782384157181
857.0,-30.0,0.0,2.5461140871047974
858.0,-11.0,0.0,2.5086416959762574
859.0,-30.0,0.0,2.360038495063782
860.0,-30.0,0.0,2.5076216220855714
861.0,-30.0,0.0,2.5981555759906767
862.0,-30.0,0.0,2.706180787086487
863.0,-30.0,0.0,2.634246754646301
864.0,-30.0,0.0,2.6263999462127687
865.0,-30.0,0.0,2.8982790231704714
866.0,-30.0,0.0,2.6381604433059693
867.0,9.0,1.0,2.652127283811569
868.0,-30.0,0.0,2.9406215250492096
869.0,-30.0,0.0,2.978105682134628
870.0,6.0,1.0,2.9735171496868134
871.0,-30.0,0.0,3.001287120580673
872.0,-30.0,0.0,2.9804056107997896
873.0,-30.0,0.0,3.050979620218277
874.0,-10.0,0.0,3.1003135979175567
875.0,-30.0,0.0,3.178790456056595
876.0,5.0,1.0,3.322890490293503
877.0,-30.0,0.0,3.330521082878113
878.0,-30.0,0.0,3.494413423538208
879.0,-30.0,0.0,3.5318636536598205
880.0,-30.0,0.0,3.4619919419288636
881.0,3.0,1.0,3.3499042630195617
882.0,-30.0,0.0,3.3072200298309324
883.0,-30.0,0.0,3.4120335817337035
884.0,-30.0,0.0,3.4031346678733825
885.0,-30.0,0.0,3.1725669264793397
886.0,-6.0,1.0,3.2084359884262086
887.0,9.0,1.0,3.2940994620323183
888.0,-30.0,0.0,3.101004111766815
889.0,-30.0,0.0,3.0732738852500914
890.0,-30.0,0.0,3.0871542513370516
891.0,8.0,1.0,3.052227479219437
892.0,9.0,1.0,2.9745727360248564
893.0,-30.0,0.0,3.0794411957263947
894.0,-30.0,0.0,2.9378888428211214
895.0,-14.0,0.0,2.8245769321918486
896.0,-30.0,0.0,2.68476380109787
897.0,-30.0,0.0,2.796123671531677
898.0,-30.0,0.0,2.7066853761672975
899.0,-11.0,0.0,2.695692592859268
900.0,-30.0,0.0,2.84231818318367
901.0,-30.0,0.0,2.9189095079898832
902.0,-30.0,0.0,2.86996533870697
903.0,8.0,1.0,2.8470123767852784
904.0,-30.0,0.0,2.8699487924575804
905.0,-30.0,0.0,2.858661425113678
906.0,8.0,1.0,3.0924898862838743
907.0,-30.0,0.0,3.242683160305023
908.0,-30.0,0.0,3.2330776333808897
909.0,-30.0,0.0,3.2147112846374513
910.0,10.0,1.0,3.3906934678554537
911.0,-30.0,0.0,3.4054266035556795
912.0,10.0,1.0,3.411788874864578
913.0,10.0,1.0,3.225067585706711
914.0,-30.0,0.0,3.3209598124027253
915.0,-30.0,0.0,3.5155275404453277
916.0,-30.0,0.0,3.560906934738159
917.0,-30.0,0.0,3.593579411506653
918.0,10.0,1.0,3.693836522102356
919.0,-10.0,0.0,3.71225363612175
920.0,-30.0,0.0,3.5292840719223024
921.0,-30.0,0.0,3.568656694889069
922.0,-30.0,0.0,3.689947706460953
923.0,-10.0,0.0,3.55378081202507
924.0,10.0,1.0,3.7231238782405853
925.0,-24.0,0.0,3.697337049245834
926.0,-30.0,0.0,3.5666861116886137
927.0,-11.0,0.0,3.3954173028469086
928.0,-30.0,0.0,3.4700960338115694
929.0,-30.0,0.0,3.435099858045578
930.0,-30.0,0.0,3.30653595328331
931.0,-30.0,0.0,3.2429334580898286
932.0,-30.0,0.0,3.2156733572483063
933.0,-11.0,0.0,3.2824423968791963
934.0,-30.0,0.0,3.243812733888626
935.0,-17.0,1.0,3.2209220945835115
936.0,-30.0,0.0,3.5312065184116364
937.0,-30.0,0.0,3.623250776529312
938.0,-30.0,0.0,3.4260427176952364
939.0,-17.0,0.0,3.52997904419899
940.0,-30.0,0.0,3.5849695444107055
941.0,-30.0,0.0,3.4711236894130706
942.0,-30.0,0.0,3.362801116704941
943.0,-30.0,0.0,3.470438724756241
944.0,10.0,1.0,3.3928910315036775
945.0,-11.0,0.0,3.455340951681137
946.0,-30.0,0.0,3.3586285769939423
947.0,-30.0,0.0,3.2957441329956056
948.0,-30.0,0.0,3.216248393058777
949.0,-30.0,0.0,3.2184882283210756
950.0,8.0,1.0,3.2621175169944765
951.0,-30.0,0.0,3.4173691272735596
952.0,8.0,1.0,3.323241484165192
953.0,-30.0,0.0,3.18704833984375
954.0,-30.0,0.0,3.1274563312530517
955.0,-30.0,0.0,2.9801786959171297
956.0,-12.0,0.0,2.618145579099655
957.0,-30.0,0.0,2.472286421060562
958.0,-12.0,0.0,2.417971336841583
959.0,-30.0,0.0,2.4877522826194762
960.0,-30.0,0.0,2.4840758442878723
961.0,-30.0,0.0,2.5796680748462677
962.0,-30.0,0.0,2.561041349172592
963.0,-30.0,0.0,2.600880426168442
964.0,-30.0,0.0,2.5359615981578827
965.0,10.0,1.0,2.567977124452591
966.0,-30.0,0.0,2.5845457434654238
967.0,-14.0,0.0,2.6525076806545256
968.0,-30.0,0.0,2.6816725552082064
969.0,-31.0,0.0,2.728935068845749
970.0,-30.0,0.0,2.6954549729824064
971.0,-30.0,0.0,2.683084863424301
972.0,-30.0,0.0,2.9142997205257415
973.0,9.0,1.0,2.9108177363872527
974.0,-30.0,0.0,3.0246707022190096
975.0,-30.0,0.0,3.3333139419555664
976.0,-10.0,0.0,3.3425136625766756
977.0,-30.0,0.0,3.246188390254974
978.0,-30.0,0.0,3.2394169688224794
979.0,-30.0,0.0,3.0042331159114837
980.0,-30.0,0.0,2.914792686700821
981.0,-30.0,0.0,2.9621470868587494
982.0,8.0,1.0,2.9950918734073637
983.0,-30.0,0.0,3.0272052586078644
984.0,-30.0,0.0,3.1131151258945464
985.0,7.0,1.0,2.9908568263053894
986.0,-30.0,0.0,2.9604141652584075
987.0,-11.0,0.0,2.9424451529979705
988.0,-30.0,0.0,2.874243086576462
989.0,-30.0,0.0,2.910221642255783
990.0,7.0,1.0,2.9254090964794157
991.0,-30.0,0.0,2.758845794200897
992.0,-30.0,0.0,2.5515621304512024
993.0,-30.0,0.0,2.542653238773346
994.0,-30.0,0.0,2.526430094242096
995.0,6.0,1.0,2.227635943889618
996.0,-30.0,0.0,2.235572117567062
997.0,-15.0,0.0,2.3324129819869994
998.0,-10.0,0.0,2.425980359315872
999.0,8.0,1.0,2.509858274459839
1000.0,-30.0,0.0,2.571197807788849
1001.0,-30.0,0.0,2.537293815612793
1002.0,-30.0,0.0,2.473293197154999
1003.0,-30.0,0.0,2.511258566379547
1004.0,10.0,1.0,2.4380236744880674
1005.0,-30.0,0.0,2.5250653326511383
1006.0,-30.0,0.0,2.609649246931076
1007.0,-30.0,0.0,2.5620920836925505
1008.0,-30.0,0.0,2.5723300218582152
1009.0,-11.0,0.0,2.7591063261032103
1010.0,-30.0,0.0,2.6947582840919493
1011.0,8.0,1.0,2.7848144829273225
1012.0,9.0,1.0,2.927693325281143
1013.0,-30.0,0.0,2.943696975708008
1014.0,-30.0,0.0,2.9833974480628966
1015.0,-30.0,0.0,3.1867629647254945
1016.0,-30.0,0.0,3.1953861117362976
1017.0,8.0,1.0,3.3424060463905336
1018.0,-30.0,0.0,3.270038163661957
1019.0,-11.0,0.0,3.3845682024955748
1020.0,-30.0,0.0,3.3279940724372863
1021.0,-30.0,0.0,3.4340728640556337
1022.0,-17.0,0.0,3.6416777610778808
1023.0,-11.0,0.0,3.4537339329719545
1024.0,-30.0,0.0,3.5103978753089904
1025.0,-30.0,0.0,3.452651572227478
1026.0,-30.0,0.0,3.3877393186092375
1027.0,10.0,1.0,3.609019035100937
1028.0,-30.0,0.0,3.7729352951049804
1029.0,9.0,1.0,3.5465169072151186
1030.0,10.0,1.0,3.71625235080719
1031.0,-30.0,0.0,3.6866752028465273
1032.0,-30.0,0.0,3.638925325870514
1033.0,10.0,1.0,3.6420955121517182
1034.0,-30.0,0.0,3.571353143453598
1035.0,-30.0,0.0,3.444517356157303
1036.0,-30.0,0.0,3.694346433877945
1037.0,10.0,1.0,3.579366332292557
1038.0,-30.0,0.0,3.5702296018600466
1039.0,-30.0,0.0,3.4202945053577425
1040.0,-30.0,0.0,3.4948424279689787
1041.0,-30.0,0.0,3.382693260908127
1042.0,-30.0,0.0,3.332642215490341
1043.0,-18.0,1.0,3.333210176229477
1044.0,-30.0,0.0,3.334043401479721
1045.0,-30.0,0.0,3.437558835744858
1046.0,-30.0,0.0,3.4509034514427186
1047.0,-30.0,0.0,3.3053167939186094
1048.0,-30.0,0.0,3.2303544521331786
1049.0,-30.0,0.0,3.171881878376007
1050.0,-30.0,0.0,2.957500088214874
1051.0,10.0,1.0,2.951163959503174
1052.0,-30.0,0.0,2.9312579154968263
1053.0,-30.0,0.0,2.9844393849372866
1054.0,-30.0,0.0,2.9541501879692076
1055.0,-30.0,0.0,2.936877226829529
1056.0,-30.0,0.0,2.706141245365143
1057.0,-1.0,1.0,2.8590162873268126
1058.0,-30.0,0.0,2.895461195707321
1059.0,-30.0,0.0,3.057556664943695
1060.0,-30.0,0.0,3.1835543155670165
1061.0,-30.0,0.0,3.0782875537872316
1062.0,-30.0,0.0,3.007309174537659
1063.0,-30.0,0.0,3.0358446717262266
1064.0,-30.0,0.0,2.954597902297974
1065.0,-30.0,0.0,2.86121027469635
1066.0,5.0,1.0,2.8660175919532778
1067.0,-13.0,0.0,2.825227987766266
1068.0,-30.0,0.0,2.8403663516044615
1069.0,-30.0,0.0,3.010888469219208
1070.0,-12.0,0.0,3.0324597358703613
1071.0,-30.0,0.0,3.0837092995643616
1072.0,-10.0,0.0,3.0113752841949464
1073.0,-30.0,0.0,2.9272775053977966
1074.0,-30.0,0.0,3.088132607936859
1075.0,-30.0,0.0,2.9850052177906035
1076.0,-30.0,0.0,3.026214510202408
1077.0,10.0,1.0,2.8707499563694
1078.0,-30.0,0.0,2.8427039444446565
1079.0,10.0,1.0,2.844139939546585
1080.0,-30.0,0.0,2.716919130086899
1081.0,-30.0,0.0,2.8030800759792327
1082.0,9.0,1.0,2.7214335083961485
1083.0,-30.0,0.0,2.683460456132889
1084.0,-30.0,0.0,2.6227037847042083
1085.0,-30.0,0.0,2.6037874817848206
1086.0,-16.0,0.0,2.705914092063904
1087.0,-30.0,0.0,2.8060378551483156
1088.0,-30.0,0.0,2.6638103485107423
1089.0,-30.0,0.0,2.528235137462616
1090.0,-30.0,0.0,2.7400612354278566
1091.0,-30.0,0.0,2.695695161819458
1092.0,-30.0,0.0,2.7443525195121765
1093.0,-30.0,0.0,2.789505052566528
1094.0,-30.0,0.0,2.612638735771179
1095.0,8.0,1.0,2.7094071209430695
1096.0,-30.0,0.0,2.663259655237198
1097.0,-6.0,1.0,2.5993315637111665
1098.0,-30.0,0.0,2.7565514504909516
1099.0,-30.0,0.0,2.6229860484600067
1100.0,-15.0,1.0,2.6186565935611723
1101.0,-30.0,0.0,2.5621029794216157
1102.0,-30.0,0.0,2.7088361978530884
1103.0,10.0,1.0,2.7039068281650542
1104.0,-30.0,0.0,2.80499387383461
1105.0,-30.0,0.0,2.7704792737960817
1106.0,-30.0,0.0,2.9779765129089357
1107.0,-30.0,0.0,2.9557061195373535
1108.0,-10.0,0.0,3.065971624851227
1109.0,-30.0,0.0,3.0954017996788026
1110.0,-30.0,0.0,2.898043990135193
1111.0,-30.0,0.0,2.957643675804138
1112.0,-30.0,0.0,3.042257571220398
1113.0,10.0,1.0,3.1642865419387816
1114.0,-16.0,0.0,3.1551035761833193
1115.0,-30.0,0.0,3.1000436186790465
1116.0,-30.0,0.0,3.1370201587677
1117.0,-30.0,0.0,3.1785673022270204
1118.0,-30.0,0.0,3.0716726064682005
1119.0,-30.0,0.0,3.1220725893974306
1120.0,-30.0,0.0,3.1273033618927
1121.0,-11.0,0.0,3.209036946296692
1122.0,8.0,1.0,3.2532068490982056
1123.0,-30.0,0.0,3.4013946056365967
1124.0,-30.0,0.0,3.3304733455181124
1125.0,-10.0,0.0,3.38970063328743
1126.0,10.0,1.0,3.153456670045853
1127.0,-30.0,0.0,2.9971529126167296
1128.0,-30.0,0.0,2.931470662355423
1129.0,-30.0,0.0,2.9484093844890595
1130.0,9.0,1.0,2.9399262368679047
1131.0,7.0,1.0,2.8432030975818634
1132.0,-30.0,0.0,2.7528339326381683
1133.0,-30.0,0.0,2.6674454867839814
1134.0,-30.0,0.0,2.6847081243991853
1135.0,9.0,1.0,2.633556437492371
1136.0,-30.0,0.0,2.567659330368042
1137.0,-30.0,0.0,2.573111581802368
1138.0,-30.0,0.0,2.5701818466186523
1139.0,-11.0,0.0,2.4775829315185547
1140.0,-30.0,0.0,2.523710000514984
1141.0,9.0,1.0,2.4517916679382323
1142.0,-30.0,0.0,2.2594748616218565
1143.0,-30.0,0.0,2.3160484433174133
1144.0,-30.0,0.0,2.3169959843158723
1145.0,-30.0,0.0,2.306868690252304
1146.0,-30.0,0.0,2.260951465368271
1147.0,-10.0,0.0,2.279956543445587
1148.0,-30.0,0.0,2.2218332678079604
1149.0,-30.0,0.0,2.2198474198579787
1150.0,-13.0,0.0,2.1908994942903517
1151.0,-30.0,0.0,2.1982219129800797
1152.0,-30.0,0.0,2.3311935693025587
1153.0,10.0,1.0,2.2684837967157363
1154.0,9.0,1.0,2.285888543725014
1155.0,-30.0,0.0,2.281914860010147
1156.0,-30.0,0.0,2.4153609573841095
1157.0,-10.0,0.0,2.486854201555252
1158.0,-30.0,0.0,2.496941941976547
1159.0,-30.0,0.0,2.59636794924736
1160.0,-30.0,0.0,2.4769944965839388
1161.0,-10.0,0.0,2.591655570268631
1162.0,-11.0,0.0,2.6963921964168547
1163.0,-30.0,0.0,2.521401596069336
1164.0,-30.0,0.0,2.5721085906028747
1165.0,-30.0,0.0,2.542451727390289
1166.0,-30.0,0.0,2.611881959438324
1167.0,-30.0,0.0,2.6396875202655794
1168.0,-30.0,0.0,2.7369016975164415
1169.0,8.0,1.0,2.8683793991804123
1170.0,-30.0,0.0,2.877934607863426
1171.0,-30.0,0.0,2.9805179208517076
1172.0,-30.0,0.0,2.8755784958600996
1173.0,-30.0,0.0,3.1306821197271346
1174.0,-30.0,0.0,3.0912338525056837
1175.0,-30.0,0.0,3.0976308286190033
1176.0,-30.0,0.0,2.917045870423317
1177.0,9.0,1.0,2.7775420755147935
1178.0,-11.0,0.0,2.8418324321508406
1179.0,-30.0,0.0,2.852953717112541
1180.0,-30.0,0.0,2.9016506284475327
1181.0,-11.0,0.0,2.842198905348778
1182.0,-30.0,0.0,2.773079499602318
1183.0,-10.0,0.0,2.930417874455452
1184.0,-30.0,0.0,2.869372680783272
1185.0,10.0,1.0,2.9329499989748
1186.0,-30.0,0.0,3.1253878861665725
1187.0,-30.0,0.0,3.1208694607019423
1188.0,-30.0,0.0,3.0298624664545057
1189.0,-30.0,0.0,2.887242916226387
1190.0,-30.0,0.0,2.9803454905748366
1191.0,-30.0,0.0,2.979238310456276
1192.0,-30.0,0.0,2.9881852895021437
1193.0,-30.0,0.0,2.722747066617012
1194.0,-30.0,0.0,2.852779969573021
1195.0,-30.0,0.0,2.8531194597482683
1196.0,-15.0,0.0,2.835792911052704
1197.0,-30.0,0.0,2.882970780134201
1198.0,-30.0,0.0,2.7149892866611482
1199.0,-30.0,0.0,2.618004035949707
1200.0,-30.0,0.0,2.576711469888687
1201.0,-30.0,0.0,2.492147386074066
1202.0,-30.0,0.0,2.6253806471824648
1203.0,-11.0,0.0,2.4626951813697815
1204.0,-30.0,0.0,2.704383885860443
1205.0,-30.0,0.0,2.64467031955719
1206.0,-30.0,0.0,2.318988186120987
1207.0,10.0,1.0,2.2621178805828093
1208.0,-30.0,0.0,2.382026356458664
1209.0,-30.0,0.0,2.3662209808826447
1210.0,-30.0,0.0,2.361645919084549
1211.0,-30.0,0.0,2.3936367452144625
1212.0,-10.0,0.0,2.449136680364609
1213.0,-30.0,0.0,2.489901512861252
1214.0,-30.0,0.0,2.397810810804367
1215.0,-30.0,0.0,2.7708925366401673
1216.0,-30.0,0.0,2.8531263530254365
1217.0,-30.0,0.0,2.882780820131302
1218.0,-30.0,0.0,2.9214247345924376
1219.0,4.0,1.0,2.9048731923103333
1220.0,-30.0,0.0,2.92564497590065
1221.0,-30.0,0.0,2.9593883097171783
1222.0,-30.0,0.0,2.922805505990982
1223.0,-30.0,0.0,2.97009454369545
1224.0,-30.0,0.0,2.8538934767246245
1225.0,-30.0,0.0,2.860197883844376
1226.0,-30.0,0.0,2.9427979826927184
1227.0,-30.0,0.0,3.0564844071865083
1228.0,-30.0,0.0,2.918242174386978
1229.0,-30.0,0.0,3.0694878876209257
1230.0,-30.0,0.0,3.0371870934963225
1231.0,-30.0,0.0,2.887419897317886
1232.0,-30.0,0.0,2.756080132722855
1233.0,7.0,1.0,2.8657254755496977
1234.0,-30.0,0.0,2.8448595464229585
1235.0,-30.0,0.0,2.5252322375774385
1236.0,-11.0,0.0,2.543620103597641
1237.0,-30.0,0.0,2.5125203311443327
1238.0,-30.0,0.0,2.5428430080413817
1239.0,-30.0,0.0,2.5488746583461763
1240.0,-30.0,0.0,2.8570010364055634
1241.0,-30.0,0.0,2.920203745365143
1242.0,-30.0,0.0,2.812457150220871
1243.0,-30.0,0.0,2.928628009557724
1244.0,-30.0,0.0,3.1189411342144013
1245.0,-30.0,0.0,3.242629569768906
1246.0,-30.0,0.0,3.1521664679050447
1247.0,-30.0,0.0,3.1636501610279084
1248.0,-30.0,0.0,3.2069815337657928
1249.0,-24.0,0.0,2.99979707300663
1250.0,-30.0,0.0,3.024120572209358
1251.0,-30.0,0.0,3.22910296022892
1252.0,-28.0,0.0,3.5429683357477186
1253.0,-30.0,0.0,3.5132128626108168
1254.0,-30.0,0.0,3.5622783213853837
1255.0,-10.0,0.0,3.5535362511873245
1256.0,-30.0,0.0,3.584673872590065
1257.0,-30.0,0.0,3.566008546948433
1258.0,-30.0,0.0,3.4993512600660326
1259.0,-30.0,0.0,3.553402218222618
1260.0,-30.0,0.0,3.3018902868032454
1261.0,-30.0,0.0,3.3594663709402086
1262.0,-30.0,0.0,3.3676232606172563
1263.0,6.0,1.0,3.1743547469377518
1264.0,-10.0,0.0,2.9003571420907974
1265.0,-12.0,0.0,2.8477535635232925
1266.0,-30.0,0.0,2.9916356235742567
1267.0,-30.0,0.0,2.9199533611536026
1268.0,-39.0,0.0,2.920417454838753
1269.0,8.0,1.0,3.015683203935623
1270.0,10.0,1.0,2.9117332309484483
1271.0,10.0,1.0,2.6676102608442305
1272.0,-13.0,0.0,2.5528604239225388
1273.0,-30.0,0.0,2.5431545704603193
1274.0,-7.0,1.0,2.6067529886960985
1275.0,-30.0,0.0,2.794320008158684
1276.0,-30.0,0.0,2.6953242510557174
1277.0,-30.0,0.0,2.692383834719658
1278.0,-33.0,0.0,2.8583565026521685
1279.0,9.0,1.0,2.8580509811639785
1280.0,-30.0,0.0,2.8731166273355484
1281.0,-30.0,0.0,2.753369376063347
1282.0,-30.0,0.0,2.7344390958547593
1283.0,-30.0,0.0,2.7593075722455978
1284.0,9.0,1.0,2.733789321780205
1285.0,-30.0,0.0,2.641091039776802
1286.0,10.0,1.0,2.541739121079445
1287.0,-30.0,0.0,2.6884152561426164
1288.0,-30.0,0.0,2.716189494729042
1289.0,-30.0,0.0,2.718594792485237
1290.0,-10.0,0.0,2.808963990211487
1291.0,8.0,1.0,2.8636000752449036
1292.0,10.0,1.0,2.637139678001404
1293.0,9.0,1.0,2.5022422790527346
1294.0,-30.0,0.0,2.353324347734451
1295.0,-30.0,0.0,2.110074457526207
1296.0,-30.0,0.0,2.124344512820244
1297.0,-30.0,0.0,2.09167660176754
1298.0,-30.0,0.0,2.0294699758291244
1299.0,-30.0,0.0,2.001974818110466
1300.0,-30.0,0.0,1.9779244631528854
1301.0,-10.0,0.0,1.9680090099573135
1302.0,-30.0,0.0,2.0086969405412676
1303.0,-3.0,1.0,1.9650860875844955
1304.0,-30.0,0.0,1.9348475188016891
1305.0,-11.0,0.0,1.9485210210084916
1306.0,-30.0,0.0,2.1479573875665663
1307.0,9.0,1.0,2.011218252778053
1308.0,-30.0,0.0,2.0830896884202956
1309.0,-18.0,1.0,2.0392508059740067
1310.0,-30.0,0.0,2.0599367886781694
1311.0,-10.0,0.0,2.054430052638054
1312.0,-30.0,0.0,2.080615648627281
1313.0,-30.0,0.0,2.2115184396505354
1314.0,-30.0,0.0,2.2849175363779066
1315.0,-30.0,0.0,2.412954556941986
1316.0,-30.0,0.0,2.476322019100189
1317.0,10.0,1.0,2.4859617233276365
1318.0,-30.0,0.0,2.3924285054206846
1319.0,-30.0,0.0,2.318772006034851
1320.0,-30.0,0.0,2.237691819667816
1321.0,-11.0,0.0,2.2335277616977693
1322.0,-30.0,0.0,2.286384803056717
1323.0,-30.0,0.0,2.425233709812164
1324.0,-30.0,0.0,2.5768808484077455
1325.0,-30.0,0.0,2.746375036239624
1326.0,-30.0,0.0,2.5900324106216432
1327.0,-30.0,0.0,2.6720004081726074
1328.0,-30.0,0.0,2.712893319129944
1329.0,-10.0,0.0,2.7055882155895232
1330.0,-30.0,0.0,2.8452804028987884
1331.0,-30.0,0.0,2.8869428515434263
1332.0,-30.0,0.0,2.95563668012619
1333.0,10.0,1.0,2.9993255496025086
1334.0,-30.0,0.0,2.899062532186508
1335.0,-30.0,0.0,2.8067049205303194
1336.0,-30.0,0.0,2.7855797469615937
1337.0,-30.0,0.0,2.809895712137222
1338.0,-30.0,0.0,2.895368593931198
1339.0,-30.0,0.0,2.9168180584907533
1340.0,-30.0,0.0,2.903493309020996
1341.0,-23.0,0.0,2.900457966327667
1342.0,8.0,1.0,2.9791064620018006
1343.0,10.0,1.0,2.9411175727844237
1344.0,-30.0,0.0,2.7820350170135497
1345.0,4.0,1.0,2.747163438796997
1346.0,-30.0,0.0,2.660720109939575
1347.0,-11.0,0.0,2.6902607917785644
1348.0,-30.0,0.0,2.52985817193985
1349.0,-30.0,0.0,2.549875670671463
1350.0,-11.0,0.0,2.3686478316783903
1351.0,-30.0,0.0,2.3126899540424346
1352.0,-30.0,0.0,2.2635906457901003
1353.0,-30.0,0.0,2.1893234491348266
1354.0,-30.0,0.0,2.340912586450577
1355.0,-30.0,0.0,2.339338278770447
1356.0,9.0,1.0,2.3061782121658325
1357.0,-30.0,0.0,2.2993845105171205
1358.0,9.0,1.0,2.208384245634079
1359.0,10.0,1.0,2.3323108315467835
1360.0,8.0,1.0,2.32546543776989
1361.0,-30.0,0.0,2.3731847196817397
1362.0,9.0,1.0,2.1495120227336884
1363.0,-10.0,0.0,2.0676937222480776
1364.0,-30.0,0.0,2.2699886202812194
1365.0,9.0,1.0,2.2753355145454406
1366.0,-10.0,0.0,2.3234633564949037
1367.0,-30.0,0.0,2.149354097247124
1368.0,-30.0,0.0,2.218289777636528
1369.0,-30.0,0.0,2.2215205878019333
1370.0,9.0,1.0,2.176665630936623
1371.0,-30.0,0.0,2.1407189637422563
1372.0,-30.0,0.0,2.175380691885948
1373.0,7.0,1.0,2.1037256687879564
1374.0,-30.0,0.0,2.002257785201073
1375.0,-30.0,0.0,1.995178261399269
1376.0,-30.0,0.0,2.0250575453042985
1377.0,-30.0,0.0,2.029294827580452
1378.0,-30.0,0.0,2.0917552322149278
1379.0,10.0,1.0,2.0537281364202498
1380.0,-30.0,0.0,2.1422330379486083
1381.0,10.0,1.0,2.1188658595085146
1382.0,-30.0,0.0,2.2433963626623155
1383.0,-30.0,0.0,2.235223689675331
1384.0,-30.0,0.0,2.0249972850084306
1385.0,-30.0,0.0,1.8965897053480147
1386.0,-30.0,0.0,1.9580074280500412
1387.0,-30.0,0.0,2.0215192675590514
1388.0,-30.0,0.0,1.9554787695407867
1389.0,-30.0,0.0,1.899466609954834
1390.0,10.0,1.0,1.9653574168682098
1391.0,-30.0,0.0,2.160342055559158
1392.0,-30.0,0.0,2.125809097290039
1393.0,-30.0,0.0,2.1534459710121157
1394.0,10.0,1.0,2.179920661449432
1395.0,-30.0,0.0,2.1645789623260496
1396.0,-30.0,0.0,2.386043357849121
1397.0,-30.0,0.0,2.598242485523224
1398.0,-30.0,0.0,2.579872691631317
1399.0,10.0,1.0,2.6023155212402345
1400.0,-30.0,0.0,2.5474883139133455
1401.0,-30.0,0.0,2.4933828204870223
1402.0,-30.0,0.0,2.4164097636938093
1403.0,10.0,1.0,2.5134726256132125
1404.0,-30.0,0.0,2.811968168616295
1405.0,9.0,1.0,2.9820344120264055
1406.0,10.0,1.0,3.245706668496132
1407.0,-30.0,0.0,3.2028027147054674
1408.0,-30.0,0.0,3.252278223633766
1409.0,-12.0,0.0,3.434756776690483
1410.0,7.0,1.0,3.5119990319013596
1411.0,8.0,1.0,3.5153400629758833
1412.0,-30.0,0.0,3.5081059724092483
1413.0,10.0,1.0,3.4970356971025467
1414.0,-30.0,0.0,3.4388208359479906
1415.0,8.0,1.0,3.5626034110784532
1416.0,10.0,1.0,3.2631418138742445
1417.0,-30.0,0.0,3.076671043038368
1418.0,-30.0,0.0,3.0989854007959368
1419.0,10.0,1.0,3.0273663967847826
1420.0,-30.0,0.0,3.2645564705133436
1421.0,-30.0,0.0,3.3277519941329956
1422.0,-30.0,0.0,3.367279422283173
1423.0,-30.0,0.0,3.3114411771297454
1424.0,-30.0,0.0,3.1361149847507477
1425.0,-30.0,0.0,3.1668708860874175
1426.0,-30.0,0.0,2.990409928560257
1427.0,-30.0,0.0,3.0139898717403413
1428.0,-30.0,0.0,2.945583999156952
1429.0,-14.0,0.0,2.973102533817291
1430.0,-30.0,0.0,2.9435420751571657
1431.0,-30.0,0.0,2.881033992767334
1432.0,-30.0,0.0,2.9486315965652468
1433.0,-30.0,0.0,3.0218873620033264
1434.0,10.0,1.0,3.1576589047908783
1435.0,-30.0,0.0,3.1724949538707734
1436.0,10.0,1.0,3.1616547226905825
1437.0,-30.0,0.0,3.0675352573394776
1438.0,-30.0,0.0,3.17075229883194
1439.0,-30.0,0.0,3.1945115268230437
1440.0,-30.0,0.0,3.0029537260532377
1441.0,-30.0,0.0,2.935868498682976
1442.0,-30.0,0.0,2.882527527213097
1443.0,-12.0,1.0,2.8748684376478195
1444.0,-30.0,0.0,2.7652612656354902
1445.0,8.0,1.0,2.5372317761182783
1446.0,-30.0,0.0,2.3222212702035905
1447.0,-30.0,0.0,2.3818986266851425
1448.0,-14.0,0.0,2.6920102387666702
1449.0,-30.0,0.0,2.5741396814584734
1450.0,-12.0,0.0,2.5452185183763505
1451.0,-30.0,0.0,2.6112014561891557
1452.0,-30.0,0.0,2.561632493138313
1453.0,-30.0,0.0,2.5757647186517714
1454.0,10.0,1.0,2.7075191289186478
1455.0,-30.0,0.0,2.591162571310997
1456.0,-30.0,0.0,2.6084427535533905
1457.0,8.0,1.0,2.71358922123909
1458.0,-30.0,0.0,2.7273861467838287
1459.0,7.0,1.0,2.7262221753597258
1460.0,-30.0,0.0,2.798747664690018
1461.0,-30.0,0.0,2.8452562898397447
1462.0,-30.0,0.0,2.887445482611656
1463.0,-30.0,0.0,2.9337104231119158
1464.0,-30.0,0.0,3.045735254883766
1465.0,9.0,1.0,3.0872194319963455
1466.0,-30.0,0.0,3.243149074912071
1467.0,-30.0,0.0,3.1657619386911393
1468.0,10.0,1.0,3.0335896641016005
1469.0,8.0,1.0,2.9586767822504045
1470.0,-11.0,0.0,2.9590111166238784
1471.0,-30.0,0.0,2.774586263298988
1472.0,-30.0,0.0,2.8176033169031145
1473.0,-30.0,0.0,2.7336581856012345
1474.0,-30.0,0.0,2.8144293934106828
1475.0,-30.0,0.0,2.8397366493940353
1476.0,-30.0,0.0,2.9259849190711975
1477.0,-30.0,0.0,2.972123622894287
1478.0,-30.0,0.0,2.9251840233802797
1479.0,10.0,1.0,3.0182092428207397
1480.0,-30.0,0.0,3.0026506662368773
1481.0,10.0,1.0,3.1743450224399568
1482.0,-30.0,0.0,3.137955552339554
1483.0,-30.0,0.0,3.0626751124858855
1484.0,6.0,1.0,2.9744150817394255
1485.0,9.0,1.0,3.0315155565738676
1486.0,-30.0,0.0,2.908001643419266
1487.0,-10.0,0.0,2.956835913658142
1488.0,-30.0,0.0,2.9016360998153687
1489.0,-30.0,0.0,3.098954904079437
1490.0,-10.0,0.0,3.0001665115356446
1491.0,-30.0,0.0,3.1391556739807127
1492.0,-30.0,0.0,3.3591722011566163
1493.0,-30.0,0.0,3.326549696922302
1494.0,-30.0,0.0,2.984373700618744
1495.0,-30.0,0.0,3.000723123550415
1496.0,-30.0,0.0,2.9212493002414703
1497.0,-30.0,0.0,2.887178212404251
1498.0,-10.0,0.0,2.781539982557297
1499.0,-30.0,0.0,2.761812847852707
1500.0,-30.0,0.0,2.77446306347847
1501.0,-30.0,0.0,2.5950580656528475
1502.0,7.0,1.0,2.6279794692993166
1503.0,-30.0,0.0,2.624041211605072
1504.0,-30.0,0.0,2.764778709411621
1505.0,-30.0,0.0,2.9184686183929442
1506.0,-30.0,0.0,2.9223800957202912
1507.0,-30.0,0.0,2.962018460035324
1508.0,8.0,1.0,2.885814142227173
1509.0,-30.0,0.0,2.8283333778381348
1510.0,-30.0,0.0,2.9953134417533875
1511.0,-10.0,0.0,2.916940760612488
1512.0,-30.0,0.0,2.6249952256679534
1513.0,8.0,1.0,2.719007819890976
1514.0,-30.0,0.0,2.8619247734546662
1515.0,-30.0,0.0,2.8753896057605743
1516.0,-30.0,0.0,2.9421987414360045
1517.0,-30.0,0.0,2.8547418236732485
1518.0,10.0,1.0,2.959894931316376
1519.0,-30.0,0.0,3.066994512081146
1520.0,8.0,1.0,2.920966586470604
1521.0,-13.0,0.0,3.2389402002096177
1522.0,9.0,1.0,3.1737590372562408
1523.0,8.0,1.0,3.2627891838550567
1524.0,-30.0,0.0,3.066960355639458
1525.0,9.0,1.0,2.98740174472332
1526.0,-30.0,0.0,2.998652771115303
1527.0,-30.0,0.0,2.9695682674646378
1528.0,-30.0,0.0,3.156242498755455
1529.0,-30.0,0.0,3.034660217165947
1530.0,-30.0,0.0,3.0336975783109663
1531.0,-30.0,0.0,2.987871727347374
1532.0,9.0,1.0,2.9792481690645216
1533.0,10.0,1.0,2.9699605971574785
1534.0,-30.0,0.0,2.832881847023964
1535.0,-30.0,0.0,2.8069027572870255
1536.0,-30.0,0.0,2.813230720162392
1537.0,10.0,1.0,2.8136208027601244
1538.0,-30.0,0.0,2.880264899134636
1539.0,-30.0,0.0,3.015972825884819
1540.0,10.0,1.0,3.1024545431137085
1541.0,-30.0,0.0,2.9199838876724242
1542.0,-30.0,0.0,3.041202077269554
1543.0,-15.0,0.0,3.0769467443227767
1544.0,8.0,1.0,3.2183660089969637
1545.0,4.0,1.0,3.370576936006546
1546.0,-30.0,0.0,3.4096701800823213
1547.0,-30.0,0.0,3.37502184510231
1548.0,10.0,1.0,3.217408758401871
1549.0,-30.0,0.0,3.1888521552085876
1550.0,6.0,1.0,3.0472115874290466
1551.0,-30.0,0.0,3.11305810213089
1552.0,-30.0,0.0,3.1321350634098053
1553.0,-30.0,0.0,3.064497393369675
1554.0,-30.0,0.0,3.1369885981082914
1555.0,-30.0,0.0,3.1849169790744782
1556.0,4.0,1.0,3.164172738790512
1557.0,-30.0,0.0,3.1497362852096558
1558.0,-30.0,0.0,3.069173848628998
1559.0,-30.0,0.0,2.699454188346863
1560.0,-30.0,0.0,2.7206045031547545
1561.0,8.0,1.0,2.564247465133667
1562.0,-30.0,0.0,2.512593162059784
1563.0,-30.0,0.0,2.453746020793915
1564.0,8.0,1.0,2.3136793702840803
1565.0,-30.0,0.0,1.9914549916982651
1566.0,-10.0,0.0,1.9692297905683518
1567.0,-30.0,0.0,1.9358592122793197
1568.0,-30.0,0.0,1.9710255831480026
1569.0,-30.0,0.0,2.006065455079079
1570.0,10.0,1.0,1.984581109881401
1571.0,-30.0,0.0,2.102448007464409
1572.0,-30.0,0.0,2.0706018596887588
1573.0,-30.0,0.0,2.1301622182130813
1574.0,-30.0,0.0,2.130646303296089
1575.0,-30.0,0.0,2.0535561352968217
1576.0,-30.0,0.0,2.108393684029579
1577.0,0.0,1.0,2.3450909525156023
1578.0,-30.0,0.0,2.263312366604805
1579.0,-30.0,0.0,2.2846075147390366
1580.0,-30.0,0.0,2.227779659628868
1581.0,-30.0,0.0,2.229997143149376
1582.0,10.0,1.0,2.3122236698865892
1583.0,-30.0,0.0,2.5324587315320968
1584.0,8.0,1.0,2.5486098885536195
1585.0,-30.0,0.0,2.569407880306244
1586.0,-30.0,0.0,2.7375125885009766
1587.0,-30.0,0.0,2.821658563613892
1588.0,-30.0,0.0,2.832841634750366
1589.0,8.0,1.0,2.772869977355003
1590.0,-30.0,0.0,2.804144361615181
1591.0,-30.0,0.0,2.7007690936326982
1592.0,-30.0,0.0,2.717260429263115
1593.0,-30.0,0.0,2.729439327120781
1594.0,-10.0,0.0,2.8624334067106245
1595.0,-30.0,0.0,2.955221936106682
1596.0,-30.0,0.0,2.922018525004387
1597.0,-30.0,0.0,2.68466794192791
1598.0,-30.0,0.0,2.6684276193380354
1599.0,7.0,1.0,2.692352572083473
1600.0,-12.0,0.0,2.7089346677064894
1601.0,-30.0,0.0,2.8042277961969377
1602.0,-30.0,0.0,2.8538049131631853
1603.0,-30.0,0.0,2.8938085943460465
1604.0,-30.0,0.0,2.970917585492134
1605.0,-30.0,0.0,2.9798922687768936
1606.0,-30.0,0.0,2.7506990879774094
1607.0,-30.0,0.0,2.683564594388008
1608.0,-12.0,0.0,2.730731573700905
1609.0,-30.0,0.0,2.783303087949753
1610.0,-30.0,0.0,2.859866899251938
1611.0,10.0,1.0,2.8166559994220735
1612.0,10.0,1.0,2.7777843356132506
1613.0,-30.0,0.0,3.04188848733902
1614.0,-30.0,0.0,2.86985981464386
1615.0,-30.0,0.0,2.8276137113571167
1616.0,-30.0,0.0,2.818969118595123
1617.0,-30.0,0.0,2.805815488100052
1618.0,9.0,1.0,2.832458621263504
1619.0,-30.0,0.0,2.8290346682071688
1620.0,-30.0,0.0,2.788250654935837
1621.0,8.0,1.0,2.7270442306995393
1622.0,-30.0,0.0,2.7864627659320833
1623.0,-30.0,0.0,2.4551045894622803
1624.0,-30.0,0.0,2.554952847957611
1625.0,4.0,1.0,2.610364758968353
1626.0,10.0,1.0,2.714201730489731
1627.0,10.0,1.0,2.7284975945949554
1628.0,8.0,1.0,2.7379858434200286
1629.0,9.0,1.0,2.6774153769016267
1630.0,-30.0,0.0,2.80095973610878
1631.0,-10.0,0.0,2.819796532392502
1632.0,-30.0,0.0,2.8336364716291427
1633.0,-10.0,0.0,2.534087750315666
1634.0,-30.0,0.0,2.5193301528692245
1635.0,9.0,1.0,2.4720612674951554
1636.0,10.0,1.0,2.7004182010889055
1637.0,-30.0,0.0,3.0543444365262986
1638.0,-30.0,0.0,3.1605816930532455
1639.0,-30.0,0.0,3.1446798712015154
1640.0,-30.0,0.0,3.391504707932472
1641.0,-30.0,0.0,3.5151417046785354
1642.0,-30.0,0.0,3.4112462431192396
1643.0,10.0,1.0,3.4650184124708177
1644.0,-30.0,0.0,3.484588286280632
1645.0,-30.0,0.0,3.5227927774190904
1646.0,-30.0,0.0,3.4366520792245865
1647.0,9.0,1.0,3.3970675468444824
1648.0,-30.0,0.0,3.500530242919922
1649.0,10.0,1.0,3.630490756034851
1650.0,-30.0,0.0,3.5428256392478943
1651.0,10.0,1.0,3.701159131526947
1652.0,10.0,1.0,3.742019084095955
1653.0,4.0,1.0,3.7304907947778703
1654.0,10.0,1.0,3.683845525979996
1655.0,10.0,1.0,3.723133754730225
1656.0,-30.0,0.0,3.6900320768356325
1657.0,10.0,1.0,3.3726529598236086
1658.0,-30.0,0.0,3.316457140445709
1659.0,-30.0,0.0,3.3137565732002257
1660.0,-30.0,0.0,3.167858564853668
1661.0,-30.0,0.0,3.0215894877910614
1662.0,10.0,1.0,3.008804923295975
1663.0,-30.0,0.0,3.055551165342331
1664.0,-30.0,0.0,2.8498911619186402
1665.0,-29.0,0.0,3.013808178901672
1666.0,-30.0,0.0,3.0245610773563385
1667.0,-30.0,0.0,3.0288016587495803
1668.0,-30.0,0.0,2.85839059650898
1669.0,-30.0,0.0,2.810656324028969
1670.0,-30.0,0.0,2.70072183907032
1671.0,-30.0,0.0,2.4631866991519926
1672.0,-30.0,0.0,2.4045385837554933
