episode,beta,episode_reward,avg_loss,win,replay_size,global_step
1.0,0.40025,-15.0,0.0,0.0,6.0,6.0
2.0,0.4005,5.0,0.0,1.0,12.0,12.0
3.0,0.40075,-35.0,0.0,0.0,45.0,47.0
4.0,0.401,-11.0,0.0,0.0,49.0,49.0
5.0,0.40125,-35.0,3.905748731211612,0.0,82.0,84.0
6.0,0.4015,-15.0,3.8731279770533242,0.0,90.0,90.0
7.0,0.40175,-35.0,3.8268080711364747,0.0,123.0,125.0
8.0,0.402,-35.0,3.7034374577658515,0.0,158.0,160.0
9.0,0.40225,-12.0,3.5886683464050293,0.0,163.0,163.0
10.0,0.4025,-12.0,3.583414634068807,0.0,166.0,166.0
11.0,0.40275,9.0,3.4708515405654907,1.0,168.0,168.0
12.0,0.403,-35.0,3.4431167875017437,0.0,201.0,203.0
13.0,0.40325,-10.0,3.455597162246704,0.0,204.0,204.0
14.0,0.4035,-21.0,3.357287128766378,0.0,216.0,216.0
15.0,0.40375,-35.0,3.2686476707458496,0.0,249.0,251.0
16.0,0.404,-10.0,3.2603824138641357,0.0,252.0,252.0
17.0,0.40425,-35.0,3.119593184334891,0.0,285.0,287.0
18.0,0.4045,-23.0,2.9906591176986694,0.0,301.0,301.0
19.0,0.40475,-35.0,3.0652842249189103,0.0,334.0,336.0
20.0,0.405,-35.0,3.174586520876203,0.0,369.0,371.0
21.0,0.40525,-10.0,2.662707805633545,0.0,372.0,372.0
22.0,0.4055,-35.0,3.0361107758113315,0.0,405.0,407.0
23.0,0.40575,-1.0,2.9506092270215354,1.0,419.0,419.0
24.0,0.406,-35.0,2.984462663105556,0.0,452.0,454.0
25.0,0.40625,-35.0,3.0908057757786342,0.0,487.0,489.0
26.0,0.40650000000000003,-35.0,3.074748686381749,0.0,522.0,524.0
27.0,0.40675,-35.0,3.0463155678340366,0.0,557.0,559.0
28.0,0.40700000000000003,-35.0,3.0959872313908168,0.0,592.0,594.0
29.0,0.40725,-14.0,2.8869388580322264,0.0,599.0,599.0
30.0,0.40750000000000003,8.0,3.0133074124654136,1.0,602.0,602.0
31.0,0.40775,-35.0,3.216258805138724,0.0,635.0,637.0
32.0,0.40800000000000003,-35.0,3.0342494692121234,0.0,670.0,672.0
33.0,0.40825,-15.0,3.1233964761098227,0.0,678.0,678.0
34.0,0.40850000000000003,8.0,2.995973269144694,1.0,681.0,681.0
35.0,0.40875,-35.0,3.078532668522426,0.0,714.0,716.0
36.0,0.40900000000000003,-35.0,3.1464357716696605,0.0,749.0,751.0
37.0,0.40925,-35.0,3.1714107036590575,0.0,784.0,786.0
38.0,0.40950000000000003,-34.0,3.109064359664917,0.0,811.0,811.0
39.0,0.40975,9.0,2.7186553478240967,1.0,813.0,813.0
40.0,0.41000000000000003,-35.0,3.0894930839538572,0.0,846.0,848.0
41.0,0.41025,-35.0,3.2390384537833077,0.0,881.0,883.0
42.0,0.41050000000000003,-10.0,2.496267080307007,0.0,884.0,884.0
43.0,0.41075,-11.0,3.233314871788025,0.0,886.0,886.0
44.0,0.41100000000000003,-35.0,3.0667459760393414,0.0,919.0,921.0
45.0,0.41125,-13.0,3.0255794723828635,1.0,945.0,945.0
46.0,0.41150000000000003,-35.0,3.1641741139548167,0.0,978.0,980.0
47.0,0.41175,-35.0,3.1507805483681817,0.0,1013.0,1015.0
48.0,0.41200000000000003,6.0,2.684095335006714,1.0,1020.0,1020.0
49.0,0.41225,10.0,3.0761022567749023,1.0,1021.0,1021.0
50.0,0.41250000000000003,-35.0,3.157412944521223,0.0,1054.0,1056.0
51.0,0.41275,-35.0,3.1797380719866073,0.0,1089.0,1091.0
52.0,0.41300000000000003,8.0,3.0149359703063965,1.0,1094.0,1094.0
53.0,0.41325,8.0,3.1464226245880127,1.0,1097.0,1097.0
54.0,0.41350000000000003,-10.0,3.0547142028808594,0.0,1098.0,1098.0
55.0,0.41375,-21.0,3.1766598423322043,0.0,1110.0,1110.0
56.0,0.41400000000000003,-11.0,3.3764742612838745,0.0,1112.0,1112.0
57.0,0.41425,8.0,2.9806315898895264,1.0,1115.0,1115.0
58.0,0.41450000000000004,-35.0,3.2338932241712297,0.0,1148.0,1150.0
59.0,0.41475,-35.0,3.11182575907026,0.0,1183.0,1185.0
60.0,0.41500000000000004,-18.0,2.9664749039544,0.0,1194.0,1194.0
61.0,0.41525,-14.0,3.225188398361206,0.0,1199.0,1199.0
62.0,0.41550000000000004,8.0,2.687936544418335,1.0,1202.0,1202.0
63.0,0.41575,8.0,2.8885236581166587,1.0,1205.0,1205.0
64.0,0.41600000000000004,-12.0,3.1446242332458496,0.0,1208.0,1208.0
65.0,0.41625,-35.0,3.1991139207567487,0.0,1241.0,1243.0
66.0,0.41650000000000004,-35.0,3.0947395665305,0.0,1276.0,1278.0
67.0,0.41675,-11.0,2.7668724060058594,0.0,1280.0,1280.0
68.0,0.41700000000000004,9.0,3.135846734046936,1.0,1282.0,1282.0
69.0,0.41725,-35.0,3.051631328037807,0.0,1315.0,1317.0
70.0,0.41750000000000004,-35.0,3.159167194366455,0.0,1350.0,1352.0
71.0,0.41775,-35.0,3.0969204357692175,0.0,1385.0,1387.0
72.0,0.41800000000000004,-10.0,3.818026542663574,0.0,1388.0,1388.0
73.0,0.41825,-35.0,3.001307964324951,0.0,1421.0,1423.0
74.0,0.41850000000000004,-10.0,3.2289912700653076,0.0,1424.0,1424.0
75.0,0.41875,10.0,3.00974178314209,1.0,1425.0,1425.0
76.0,0.41900000000000004,9.0,2.744720458984375,1.0,1427.0,1427.0
77.0,0.41925,-35.0,3.251573501314436,0.0,1460.0,1462.0
78.0,0.41950000000000004,-35.0,2.996821253640311,0.0,1495.0,1497.0
79.0,0.41975,-35.0,3.012380545479911,0.0,1530.0,1532.0
80.0,0.42000000000000004,-11.0,3.3260456323623657,0.0,1534.0,1534.0
81.0,0.42025,9.0,3.8103493452072144,1.0,1536.0,1536.0
82.0,0.42050000000000004,-35.0,3.057102264676775,0.0,1569.0,1571.0
83.0,0.42075,-35.0,3.0930784702301026,0.0,1604.0,1606.0
84.0,0.42100000000000004,-35.0,3.004443223135812,0.0,1639.0,1641.0
85.0,0.42125,-35.0,3.0725575174604143,0.0,1674.0,1676.0
86.0,0.42150000000000004,7.0,3.2079185843467712,1.0,1680.0,1680.0
87.0,0.42175,10.0,3.073167085647583,1.0,1681.0,1681.0
88.0,0.42200000000000004,-35.0,2.976972430092948,0.0,1714.0,1716.0
89.0,0.42225,-35.0,2.9830004147120883,0.0,1749.0,1751.0
90.0,0.42250000000000004,-35.0,2.972801433290754,0.0,1784.0,1786.0
91.0,0.42275,-35.0,3.0480737141200476,0.0,1819.0,1821.0
92.0,0.42300000000000004,10.0,3.0750226974487305,1.0,1822.0,1822.0
93.0,0.42325,-11.0,2.870023012161255,0.0,1824.0,1824.0
94.0,0.42350000000000004,-35.0,2.970094292504447,0.0,1857.0,1859.0
95.0,0.42375,-13.0,3.1596519351005554,0.0,1863.0,1863.0
96.0,0.42400000000000004,-35.0,2.9401740074157714,0.0,1896.0,1898.0
97.0,0.42425,-35.0,3.023167412621634,0.0,1931.0,1933.0
98.0,0.42450000000000004,-10.0,2.8979058265686035,0.0,1934.0,1934.0
99.0,0.42475,-35.0,2.963363824571882,0.0,1967.0,1969.0
100.0,0.42500000000000004,8.0,3.085604747136434,1.0,1972.0,1972.0
101.0,0.42525,-35.0,3.0001629420689175,0.0,2005.0,2007.0
102.0,0.42550000000000004,-35.0,2.9829250267573766,0.0,2040.0,2042.0
103.0,0.42575,-35.0,3.010866417203631,0.0,2075.0,2077.0
104.0,0.42600000000000005,4.0,3.1501176016671315,1.0,2084.0,2084.0
105.0,0.42625,-26.0,3.060573633979349,0.0,2101.0,2101.0
106.0,0.42650000000000005,-19.0,3.037040853500366,0.0,2111.0,2111.0
107.0,0.42675,-35.0,3.174634116036551,0.0,2144.0,2146.0
108.0,0.42700000000000005,-35.0,3.0558224882398335,0.0,2179.0,2181.0
109.0,0.42725,6.0,3.2221866607666017,1.0,2186.0,2186.0
110.0,0.4275,-35.0,2.911063201086862,0.0,2219.0,2221.0
111.0,0.42775,-35.0,3.066488197871617,0.0,2254.0,2256.0
112.0,0.42800000000000005,-35.0,3.1041768823351177,0.0,2289.0,2291.0
113.0,0.42825,-24.0,2.9420357227325438,0.0,2306.0,2306.0
114.0,0.4285,-35.0,3.0406144142150877,0.0,2339.0,2341.0
115.0,0.42875,-35.0,3.045891080583845,0.0,2374.0,2376.0
116.0,0.42900000000000005,7.0,2.7444204092025757,1.0,2380.0,2380.0
117.0,0.42925,-35.0,2.963147211074829,0.0,2413.0,2415.0
118.0,0.4295,10.0,2.8029375076293945,1.0,2416.0,2416.0
119.0,0.42975,-35.0,3.05483193397522,0.0,2449.0,2451.0
120.0,0.43000000000000005,9.0,3.015151619911194,1.0,2453.0,2453.0
121.0,0.43025,-11.0,3.190168023109436,0.0,2455.0,2455.0
122.0,0.4305,-35.0,2.9203328268868582,0.0,2488.0,2490.0
123.0,0.43075,-19.0,3.148447036743164,0.0,2500.0,2500.0
124.0,0.43100000000000005,-35.0,3.041562250682286,0.0,2533.0,2535.0
125.0,0.43125,10.0,2.632662534713745,1.0,2536.0,2536.0
126.0,0.4315,-30.0,3.0197147641863142,0.0,2557.0,2557.0
127.0,0.43175,-35.0,3.1900698729923795,0.0,2590.0,2592.0
128.0,0.43200000000000005,-35.0,2.9452301025390626,0.0,2625.0,2627.0
129.0,0.43225,-35.0,3.162418590273176,0.0,2660.0,2662.0
130.0,0.4325,-35.0,2.915790523801531,0.0,2695.0,2697.0
131.0,0.43275,8.0,3.1980997721354165,1.0,2700.0,2700.0
132.0,0.43300000000000005,-35.0,3.0668649128505163,0.0,2733.0,2735.0
133.0,0.43325,-10.0,3.4898462295532227,0.0,2736.0,2736.0
134.0,0.4335,-20.0,3.174932133067738,0.0,2747.0,2747.0
135.0,0.43375,4.0,3.1262593269348145,1.0,2754.0,2754.0
136.0,0.434,8.0,3.409517526626587,1.0,2757.0,2757.0
137.0,0.43425,-18.0,2.600044462415907,0.0,2766.0,2766.0
138.0,0.4345,-12.0,2.9837973912556968,0.0,2769.0,2769.0
139.0,0.43475,-35.0,2.9640622479575023,0.0,2802.0,2804.0
140.0,0.435,-12.0,2.990361213684082,0.0,2807.0,2807.0
141.0,0.43525,-35.0,3.0391774245670864,0.0,2840.0,2842.0
142.0,0.4355,8.0,3.052971442540487,1.0,2845.0,2845.0
143.0,0.43575,-10.0,3.0604913234710693,0.0,2846.0,2846.0
144.0,0.436,-35.0,2.9331132275717597,0.0,2879.0,2881.0
145.0,0.43625,-35.0,3.000823211669922,0.0,2914.0,2916.0
146.0,0.4365,-35.0,3.032710783822196,0.0,2949.0,2951.0
147.0,0.43675,-12.0,2.857936382293701,0.0,2954.0,2954.0
148.0,0.437,-35.0,3.061169133867536,0.0,2987.0,2989.0
149.0,0.43725,-35.0,3.026179756437029,0.0,3022.0,3024.0
150.0,0.4375,9.0,2.761404037475586,1.0,3026.0,3026.0
151.0,0.43775000000000003,-35.0,2.9147973946162633,0.0,3059.0,3061.0
152.0,0.438,-14.0,2.651544761657715,0.0,3066.0,3066.0
153.0,0.43825000000000003,10.0,2.821444272994995,1.0,3067.0,3067.0
154.0,0.4385,1.0,2.959360671043396,1.0,3077.0,3077.0
155.0,0.43875000000000003,-13.0,2.834567427635193,1.0,3101.0,3101.0
156.0,0.439,10.0,3.3140664100646973,1.0,3102.0,3102.0
157.0,0.43925000000000003,-35.0,2.8068540845598493,0.0,3135.0,3137.0
158.0,0.4395,7.0,2.915627419948578,1.0,3141.0,3141.0
159.0,0.43975000000000003,10.0,3.033689022064209,1.0,3142.0,3142.0
160.0,0.44,6.0,2.4970727443695067,1.0,3147.0,3147.0
161.0,0.44025000000000003,-35.0,2.8002976894378664,0.0,3180.0,3182.0
162.0,0.4405,-21.0,2.9470359683036804,0.0,3194.0,3194.0
163.0,0.44075000000000003,-24.0,2.9004988193511965,1.0,3229.0,3229.0
164.0,0.441,-35.0,2.8482748576572963,0.0,3262.0,3264.0
165.0,0.44125000000000003,-20.0,2.8839452420511553,1.0,3295.0,3295.0
166.0,0.4415,-35.0,2.9857709544045585,0.0,3328.0,3330.0
167.0,0.44175000000000003,-13.0,2.8067821860313416,0.0,3334.0,3334.0
168.0,0.442,-35.0,2.929445941107614,0.0,3367.0,3369.0
169.0,0.44225000000000003,10.0,2.5407323837280273,1.0,3370.0,3370.0
170.0,0.4425,-35.0,2.7364308220999582,0.0,3403.0,3405.0
171.0,0.44275000000000003,-22.0,2.9083448556753306,0.0,3418.0,3418.0
172.0,0.443,-35.0,2.8846071107046947,0.0,3451.0,3453.0
173.0,0.44325000000000003,-35.0,2.86336259160723,0.0,3486.0,3488.0
174.0,0.4435,-35.0,2.688739163534982,0.0,3521.0,3523.0
175.0,0.44375000000000003,-19.0,2.8931679487228394,0.0,3533.0,3533.0
176.0,0.444,-35.0,2.8320239203316824,0.0,3566.0,3568.0
177.0,0.44425000000000003,-35.0,2.833617401123047,0.0,3601.0,3603.0
178.0,0.4445,-35.0,2.8544372081756593,0.0,3636.0,3638.0
179.0,0.44475000000000003,-35.0,2.9430993148258753,0.0,3671.0,3673.0
180.0,0.445,-35.0,2.811519254956927,0.0,3706.0,3708.0
181.0,0.44525000000000003,-22.0,2.7332804636521773,1.0,3741.0,3741.0
182.0,0.4455,-18.0,2.77363370204794,1.0,3770.0,3770.0
183.0,0.44575000000000004,10.0,2.8332791328430176,1.0,3771.0,3771.0
184.0,0.446,-35.0,2.862841360909598,0.0,3804.0,3806.0
185.0,0.44625000000000004,10.0,3.1390795707702637,1.0,3807.0,3807.0
186.0,0.4465,-35.0,2.7713026455470495,0.0,3840.0,3842.0
187.0,0.44675000000000004,-35.0,2.698404107775007,0.0,3875.0,3877.0
188.0,0.447,-35.0,2.743744846752712,0.0,3910.0,3912.0
189.0,0.44725000000000004,-35.0,2.7473109449659074,0.0,3945.0,3947.0
190.0,0.4475,8.0,2.9021631876627603,1.0,3950.0,3950.0
191.0,0.44775000000000004,-11.0,2.4111504554748535,0.0,3952.0,3952.0
192.0,0.448,-35.0,2.6802345616476875,0.0,3985.0,3987.0
193.0,0.44825000000000004,10.0,2.533313035964966,1.0,3988.0,3988.0
194.0,0.4485,-25.0,2.742779240012169,0.0,4004.0,4004.0
195.0,0.44875000000000004,-35.0,2.8063876628875732,0.0,4037.0,4039.0
196.0,0.449,-35.0,2.7413711547851562,0.0,4072.0,4074.0
197.0,0.44925000000000004,10.0,2.9980628490448,1.0,4075.0,4075.0
198.0,0.4495,-35.0,2.6552821023123605,0.0,4108.0,4110.0
199.0,0.44975000000000004,-5.0,2.6642890870571136,1.0,4126.0,4126.0
200.0,0.45,-35.0,2.677172998019627,0.0,4159.0,4161.0
201.0,0.45025000000000004,-10.0,2.2602286338806152,0.0,4162.0,4162.0
202.0,0.4505,-12.0,2.5755823453267417,0.0,4165.0,4165.0
203.0,0.45075000000000004,-35.0,2.7529305389949252,0.0,4198.0,4200.0
204.0,0.451,-27.0,2.7379741536246405,0.0,4218.0,4218.0
205.0,0.45125000000000004,-35.0,2.830790090560913,0.0,4251.0,4253.0
206.0,0.4515,-35.0,2.6758617537362235,0.0,4286.0,4288.0
207.0,0.45175000000000004,-35.0,2.761080810001918,0.0,4321.0,4323.0
208.0,0.452,-39.0,2.697649685541789,0.0,4353.0,4353.0
209.0,0.45225000000000004,10.0,2.3877294063568115,1.0,4354.0,4354.0
210.0,0.4525,-35.0,2.8157198974064417,0.0,4387.0,4389.0
211.0,0.45275000000000004,-35.0,2.761343915121896,0.0,4422.0,4424.0
212.0,0.453,-35.0,2.685034166063581,0.0,4457.0,4459.0
213.0,0.45325000000000004,10.0,2.3914794921875,1.0,4460.0,4460.0
214.0,0.4535,9.0,2.790762186050415,1.0,4462.0,4462.0
215.0,0.45375000000000004,6.0,2.633841705322266,1.0,4467.0,4467.0
216.0,0.454,-35.0,2.7590259211403985,0.0,4500.0,4502.0
217.0,0.45425000000000004,-10.0,3.2485251426696777,0.0,4503.0,4503.0
218.0,0.4545,-35.0,2.684841557911464,0.0,4536.0,4538.0
219.0,0.45475000000000004,-35.0,2.819059256144932,0.0,4571.0,4573.0
220.0,0.455,-35.0,2.7008697509765627,0.0,4606.0,4608.0
221.0,0.45525000000000004,-35.0,2.7541348934173584,0.0,4641.0,4643.0
222.0,0.4555,9.0,2.9211268424987793,1.0,4645.0,4645.0
223.0,0.45575,-35.0,2.913092429297311,0.0,4678.0,4680.0
224.0,0.456,-35.0,2.8396310533796036,0.0,4713.0,4715.0
225.0,0.45625000000000004,2.0,2.873299068874783,1.0,4724.0,4724.0
226.0,0.4565,-35.0,2.728418132237026,0.0,4757.0,4759.0
227.0,0.45675000000000004,-35.0,2.7526785237448554,0.0,4792.0,4794.0
228.0,0.457,-10.0,2.6564712524414062,0.0,4795.0,4795.0
229.0,0.45725000000000005,9.0,2.88330340385437,1.0,4797.0,4797.0
230.0,0.4575,-35.0,2.8547397341047014,0.0,4830.0,4832.0
231.0,0.45775,-15.0,2.84391450881958,0.0,4838.0,4838.0
232.0,0.458,-14.0,2.77673454284668,0.0,4843.0,4843.0
233.0,0.45825000000000005,-35.0,2.752025982311794,0.0,4876.0,4878.0
234.0,0.4585,-14.0,2.7228505611419678,0.0,4883.0,4883.0
235.0,0.45875,-11.0,3.3614150285720825,0.0,4885.0,4885.0
236.0,0.459,-12.0,2.8997130393981934,0.0,4888.0,4888.0
237.0,0.45925000000000005,9.0,2.3937355279922485,1.0,4890.0,4890.0
238.0,0.4595,-35.0,2.8095415864671978,0.0,4923.0,4925.0
239.0,0.45975,-35.0,2.821155493600028,0.0,4958.0,4960.0
240.0,0.46,-35.0,2.887099415915353,0.0,4993.0,4995.0
241.0,0.46025000000000005,9.0,2.8650742769241333,1.0,4997.0,4997.0
242.0,0.4605,-35.0,2.8186037472316197,0.0,5000.0,5032.0
243.0,0.46075,-35.0,2.763809960229056,0.0,5000.0,5067.0
244.0,0.461,-10.0,2.853801727294922,0.0,5000.0,5068.0
245.0,0.46125000000000005,-12.0,2.881728172302246,0.0,5000.0,5071.0
246.0,0.4615,-35.0,2.7992132799965996,0.0,5000.0,5106.0
247.0,0.46175,-12.0,2.757650295893351,0.0,5000.0,5109.0
248.0,0.462,-35.0,2.8919719355446953,0.0,5000.0,5144.0
249.0,0.46225,-1.0,2.835220376650492,1.0,5000.0,5156.0
250.0,0.4625,-35.0,2.7323253427233016,0.0,5000.0,5191.0
251.0,0.46275,5.0,2.8219279050827026,1.0,5000.0,5197.0
252.0,0.463,-35.0,2.828187315804618,0.0,5000.0,5232.0
253.0,0.46325000000000005,-35.0,2.817523568017142,0.0,5000.0,5267.0
254.0,0.4635,-35.0,2.7218317440577917,0.0,5000.0,5302.0
255.0,0.46375,6.0,2.700042247772217,1.0,5000.0,5307.0
256.0,0.464,-35.0,2.8594221591949465,0.0,5000.0,5342.0
257.0,0.46425000000000005,3.0,2.701426774263382,1.0,5000.0,5350.0
258.0,0.4645,-10.0,2.7752673625946045,0.0,5000.0,5351.0
259.0,0.46475,6.0,2.7245725631713866,1.0,5000.0,5356.0
260.0,0.465,-10.0,3.2625529766082764,0.0,5000.0,5357.0
261.0,0.46525000000000005,-13.0,2.75787490606308,0.0,5000.0,5361.0
262.0,0.4655,-35.0,2.7929604394095287,0.0,5000.0,5396.0
263.0,0.46575,-35.0,2.791393450328282,0.0,5000.0,5431.0
264.0,0.466,8.0,2.839660088221232,1.0,5000.0,5434.0
265.0,0.46625,1.0,2.7239845991134644,1.0,5000.0,5444.0
266.0,0.4665,-35.0,2.9113608155931745,0.0,5000.0,5479.0
267.0,0.46675,7.0,2.6942626237869263,1.0,5000.0,5483.0
268.0,0.467,-15.0,2.9080002705256143,0.0,5000.0,5489.0
269.0,0.46725,-5.0,2.8689108788967133,1.0,5000.0,5505.0
270.0,0.4675,-35.0,2.7781462124415808,0.0,5000.0,5540.0
271.0,0.46775,6.0,2.7802101135253907,1.0,5000.0,5545.0
272.0,0.468,-7.0,2.8038457234700522,1.0,5000.0,5563.0
273.0,0.46825000000000006,-35.0,2.831570884159633,0.0,5000.0,5598.0
274.0,0.4685,-24.0,2.844808871405465,1.0,5000.0,5633.0
275.0,0.46875,8.0,2.949637254079183,1.0,5000.0,5636.0
276.0,0.46900000000000003,-35.0,2.783482769557408,0.0,5000.0,5671.0
277.0,0.46925,-35.0,2.8385936873299733,0.0,5000.0,5706.0
278.0,0.46950000000000003,-35.0,2.744692523138864,0.0,5000.0,5741.0
279.0,0.46975,9.0,3.2117042541503906,1.0,5000.0,5743.0
280.0,0.47000000000000003,-10.0,3.0828704833984375,0.0,5000.0,5744.0
281.0,0.47025,-11.0,2.7803900241851807,0.0,5000.0,5746.0
282.0,0.47050000000000003,-35.0,2.793091951097761,0.0,5000.0,5781.0
283.0,0.47075,-35.0,2.6743775844573974,0.0,5000.0,5816.0
284.0,0.47100000000000003,-35.0,2.734523446219308,0.0,5000.0,5851.0
285.0,0.47125,-13.0,2.921256124973297,0.0,5000.0,5855.0
286.0,0.47150000000000003,-35.0,2.875316115788051,0.0,5000.0,5890.0
287.0,0.47175,-35.0,2.8821646962847027,0.0,5000.0,5925.0
288.0,0.47200000000000003,-35.0,2.7557264600481304,0.0,5000.0,5960.0
289.0,0.47225,-35.0,2.8672054631369455,0.0,5000.0,5995.0
290.0,0.47250000000000003,-35.0,2.8039624622889927,0.0,5000.0,6030.0
291.0,0.47275,-35.0,2.7500742026737757,0.0,5000.0,6065.0
292.0,0.47300000000000003,-35.0,2.7130751609802246,0.0,5000.0,6100.0
293.0,0.47325,-11.0,3.3715522289276123,0.0,5000.0,6102.0
294.0,0.47350000000000003,-11.0,2.6271355152130127,0.0,5000.0,6104.0
295.0,0.47375,7.0,3.0421881675720215,1.0,5000.0,6108.0
296.0,0.47400000000000003,-11.0,2.809283971786499,0.0,5000.0,6110.0
297.0,0.47425,-35.0,2.7325489384787423,0.0,5000.0,6145.0
298.0,0.47450000000000003,-35.0,2.815353999819074,0.0,5000.0,6180.0
299.0,0.47475,-13.0,2.6663559675216675,0.0,5000.0,6184.0
300.0,0.47500000000000003,7.0,2.578858733177185,1.0,5000.0,6188.0
301.0,0.47525,8.0,2.612329880396525,1.0,5000.0,6191.0
302.0,0.47550000000000003,-13.0,2.654756784439087,0.0,5000.0,6195.0
303.0,0.47575,-11.0,2.974135160446167,0.0,5000.0,6197.0
304.0,0.47600000000000003,10.0,3.0697598457336426,1.0,5000.0,6198.0
305.0,0.47625,-35.0,2.7575719220297676,0.0,5000.0,6233.0
306.0,0.47650000000000003,-12.0,2.7883278528849282,0.0,5000.0,6236.0
307.0,0.47675,-11.0,3.036538243293762,0.0,5000.0,6238.0
308.0,0.47700000000000004,7.0,2.799139380455017,1.0,5000.0,6242.0
309.0,0.47725,-35.0,2.781272540773664,0.0,5000.0,6277.0
310.0,0.47750000000000004,3.0,2.6313475966453552,1.0,5000.0,6285.0
311.0,0.47775,10.0,3.0408244132995605,1.0,5000.0,6286.0
312.0,0.47800000000000004,-12.0,2.7431501547495523,0.0,5000.0,6289.0
313.0,0.47825,1.0,2.89615261554718,1.0,5000.0,6299.0
314.0,0.47850000000000004,-11.0,2.8598815202713013,0.0,5000.0,6301.0
315.0,0.47875,-11.0,2.899169087409973,0.0,5000.0,6303.0
316.0,0.479,-10.0,2.667616844177246,0.0,5000.0,6304.0
317.0,0.47925,-35.0,2.7037616627556935,0.0,5000.0,6339.0
318.0,0.47950000000000004,8.0,2.815767685572306,1.0,5000.0,6342.0
319.0,0.47975,10.0,2.918853282928467,1.0,5000.0,6343.0
320.0,0.48000000000000004,-35.0,2.770489522389003,0.0,5000.0,6378.0
321.0,0.48025,-35.0,2.76938362802778,0.0,5000.0,6413.0
322.0,0.48050000000000004,10.0,2.554875373840332,1.0,5000.0,6414.0
323.0,0.48075,-12.0,2.6799278259277344,0.0,5000.0,6417.0
324.0,0.48100000000000004,-14.0,2.7022157192230223,0.0,5000.0,6422.0
325.0,0.48125,-35.0,2.6364032438823153,0.0,5000.0,6457.0
326.0,0.48150000000000004,10.0,2.552988290786743,1.0,5000.0,6458.0
327.0,0.48175,-12.0,2.5817787647247314,0.0,5000.0,6461.0
328.0,0.482,-35.0,2.658157859529768,0.0,5000.0,6496.0
329.0,0.48225,-35.0,2.68952089037214,0.0,5000.0,6531.0
330.0,0.48250000000000004,-35.0,2.7389725072043283,0.0,5000.0,6566.0
331.0,0.48275,-19.0,2.6906973838806154,1.0,5000.0,6596.0
332.0,0.48300000000000004,-35.0,2.670510298865182,0.0,5000.0,6631.0
333.0,0.48325,-35.0,2.6715596675872804,0.0,5000.0,6666.0
334.0,0.48350000000000004,-35.0,2.688174373762948,0.0,5000.0,6701.0
335.0,0.48375,-35.0,2.7123458862304686,0.0,5000.0,6736.0
336.0,0.48400000000000004,-35.0,2.592854479381016,0.0,5000.0,6771.0
337.0,0.48425,9.0,3.0099942684173584,1.0,5000.0,6773.0
338.0,0.48450000000000004,-39.0,2.6713521401087443,0.0,5000.0,6803.0
339.0,0.48475,-35.0,2.6067382880619596,0.0,5000.0,6838.0
340.0,0.485,-10.0,2.494511365890503,0.0,5000.0,6839.0
341.0,0.48525,-10.0,2.6909289360046387,0.0,5000.0,6840.0
342.0,0.48550000000000004,-10.0,2.5262093544006348,0.0,5000.0,6841.0
343.0,0.48575,-37.0,2.636565157345363,0.0,5000.0,6869.0
344.0,0.48600000000000004,-13.0,2.2714702486991882,0.0,5000.0,6873.0
345.0,0.48625,-35.0,2.676512220927647,0.0,5000.0,6908.0
346.0,0.48650000000000004,10.0,3.2556824684143066,1.0,5000.0,6909.0
347.0,0.48675,-12.0,2.518680817731049,1.0,5000.0,6932.0
348.0,0.487,10.0,2.2580299377441406,1.0,5000.0,6933.0
349.0,0.48725,-35.0,2.5916243178503855,0.0,5000.0,6968.0
350.0,0.48750000000000004,-10.0,3.0317306518554688,0.0,5000.0,6969.0
351.0,0.48775,-35.0,2.6019429309027537,0.0,5000.0,7004.0
352.0,0.488,-35.0,2.627408286503383,0.0,5000.0,7039.0
353.0,0.48825,-11.0,3.1369835138320923,0.0,5000.0,7041.0
354.0,0.48850000000000005,-35.0,2.6493533713476998,0.0,5000.0,7076.0
355.0,0.48875,10.0,2.4629719257354736,1.0,5000.0,7077.0
356.0,0.48900000000000005,-35.0,2.594284956795829,0.0,5000.0,7112.0
357.0,0.48925,-35.0,2.599886097226824,0.0,5000.0,7147.0
358.0,0.48950000000000005,-35.0,2.738054734009963,0.0,5000.0,7173.0
359.0,0.48975,7.0,2.628862679004669,1.0,5000.0,7177.0
360.0,0.49,-35.0,2.5758519853864397,0.0,5000.0,7212.0
361.0,0.49025,-10.0,2.2156190872192383,0.0,5000.0,7213.0
362.0,0.49050000000000005,8.0,2.599905570348104,1.0,5000.0,7216.0
363.0,0.49075,-35.0,2.603568683351789,0.0,5000.0,7251.0
364.0,0.491,-35.0,2.6220591953822545,0.0,5000.0,7286.0
365.0,0.49125,-35.0,2.6532783303942,0.0,5000.0,7321.0
366.0,0.49150000000000005,10.0,2.550746440887451,1.0,5000.0,7322.0
367.0,0.49175,-11.0,2.8583033084869385,0.0,5000.0,7324.0
368.0,0.492,10.0,2.403682231903076,1.0,5000.0,7325.0
369.0,0.49225,9.0,2.2038692235946655,1.0,5000.0,7327.0
370.0,0.49250000000000005,-35.0,2.538207244873047,0.0,5000.0,7362.0
371.0,0.49275,-11.0,2.54297691041773,1.0,5000.0,7384.0
372.0,0.493,-35.0,2.6292336395808626,0.0,5000.0,7419.0
373.0,0.49325,-2.0,2.5240249450390158,1.0,5000.0,7432.0
374.0,0.4935,-35.0,2.6734622955322265,0.0,5000.0,7467.0
375.0,0.49375,7.0,2.6199280619621277,1.0,5000.0,7471.0
376.0,0.494,3.0,2.4352335035800934,1.0,5000.0,7479.0
377.0,0.49425,-35.0,2.5757315737860544,0.0,5000.0,7514.0
378.0,0.49450000000000005,6.0,2.6691566944122314,1.0,5000.0,7519.0
379.0,0.49475,-35.0,2.5529215267726353,0.0,5000.0,7554.0
380.0,0.495,-35.0,2.5101767608097623,0.0,5000.0,7589.0
381.0,0.49525,-12.0,2.5316375891367593,0.0,5000.0,7592.0
382.0,0.49550000000000005,-14.0,2.606892991065979,0.0,5000.0,7597.0
383.0,0.49575,9.0,2.5652360916137695,1.0,5000.0,7599.0
384.0,0.496,-35.0,2.7263294628688266,0.0,5000.0,7634.0
385.0,0.49625,-35.0,2.6812756606510706,0.0,5000.0,7669.0
386.0,0.4965,-35.0,2.664161232539586,0.0,5000.0,7704.0
387.0,0.49675,-26.0,2.6518513244741104,0.0,5000.0,7721.0
388.0,0.497,-14.0,2.678889608383179,0.0,5000.0,7726.0
389.0,0.49725,-35.0,2.4305737325123378,0.0,5000.0,7761.0
390.0,0.49750000000000005,-35.0,2.6582543645586285,0.0,5000.0,7796.0
391.0,0.49775,-35.0,2.700565242767334,0.0,5000.0,7831.0
392.0,0.498,-35.0,2.553844894681658,0.0,5000.0,7866.0
393.0,0.49825,-35.0,2.5838364022118703,0.0,5000.0,7901.0
394.0,0.4985,7.0,2.5468862652778625,1.0,5000.0,7905.0
395.0,0.49875,-35.0,2.67354553767613,0.0,5000.0,7940.0
396.0,0.499,-35.0,2.622058926309858,0.0,5000.0,7975.0
397.0,0.49925,-20.0,2.7111174410039727,0.0,5000.0,7986.0
398.0,0.4995,-11.0,2.8463568687438965,0.0,5000.0,7988.0
399.0,0.49975,5.0,2.5702727238337197,1.0,5000.0,7994.0
400.0,0.5,-35.0,2.5852188314710345,0.0,5000.0,8029.0
401.0,0.50025,-35.0,2.617262850488935,0.0,5000.0,8064.0
402.0,0.5005000000000001,10.0,2.8948276042938232,1.0,5000.0,8065.0
403.0,0.50075,-35.0,2.6893036093030656,0.0,5000.0,8100.0
404.0,0.501,9.0,2.5552029609680176,1.0,5000.0,8102.0
405.0,0.50125,-37.0,2.6504856858934676,0.0,5000.0,8130.0
406.0,0.5015000000000001,-20.0,2.6874687563289297,0.0,5000.0,8141.0
407.0,0.50175,-35.0,2.563753809247698,0.0,5000.0,8176.0
408.0,0.502,-14.0,2.556404161453247,0.0,5000.0,8181.0
409.0,0.50225,-12.0,2.771980047225952,0.0,5000.0,8184.0
410.0,0.5025000000000001,-35.0,2.584905869620187,0.0,5000.0,8219.0
411.0,0.50275,8.0,2.672037124633789,1.0,5000.0,8222.0
412.0,0.503,-35.0,2.7352192197527203,0.0,5000.0,8257.0
413.0,0.50325,-20.0,2.6708310517397793,0.0,5000.0,8268.0
414.0,0.5035000000000001,-35.0,2.6963467393602643,0.0,5000.0,8303.0
415.0,0.50375,-35.0,2.715273925236293,0.0,5000.0,8338.0
416.0,0.504,-35.0,2.6516574246542794,0.0,5000.0,8373.0
417.0,0.50425,-35.0,2.601519536972046,0.0,5000.0,8408.0
418.0,0.5045000000000001,-35.0,2.617885902949742,0.0,5000.0,8443.0
419.0,0.50475,10.0,2.827850818634033,1.0,5000.0,8444.0
420.0,0.505,-35.0,2.6139605249677387,0.0,5000.0,8479.0
421.0,0.50525,-11.0,2.7290849685668945,0.0,5000.0,8481.0
422.0,0.5055000000000001,-13.0,2.81915944814682,0.0,5000.0,8485.0
423.0,0.50575,-35.0,2.6696277618408204,0.0,5000.0,8520.0
424.0,0.506,7.0,2.2133161425590515,1.0,5000.0,8524.0
425.0,0.50625,-11.0,2.6927247914400967,1.0,5000.0,8546.0
426.0,0.5065000000000001,-35.0,2.6411596843174525,0.0,5000.0,8581.0
427.0,0.50675,5.0,2.8238495190938315,1.0,5000.0,8587.0
428.0,0.507,-10.0,2.593416690826416,0.0,5000.0,8588.0
429.0,0.50725,-35.0,2.648602226802281,0.0,5000.0,8623.0
430.0,0.5075000000000001,-35.0,2.647986514227731,0.0,5000.0,8658.0
431.0,0.50775,-10.0,2.518467903137207,0.0,5000.0,8659.0
432.0,0.508,-35.0,2.569217269761222,0.0,5000.0,8694.0
433.0,0.50825,-10.0,2.972262382507324,0.0,5000.0,8695.0
434.0,0.5085000000000001,-35.0,2.634526307242257,0.0,5000.0,8730.0
435.0,0.50875,-10.0,3.097960948944092,0.0,5000.0,8731.0
436.0,0.509,-11.0,2.7327990531921387,0.0,5000.0,8733.0
437.0,0.50925,-12.0,2.717211882273356,0.0,5000.0,8736.0
438.0,0.5095000000000001,-43.0,2.603749569724588,0.0,5000.0,8770.0
439.0,0.50975,7.0,2.605647027492523,1.0,5000.0,8774.0
440.0,0.51,-35.0,2.682416023526873,0.0,5000.0,8809.0
441.0,0.51025,-35.0,2.5125375270843504,0.0,5000.0,8844.0
442.0,0.5105000000000001,-35.0,2.5931623254503524,0.0,5000.0,8879.0
443.0,0.51075,-21.0,2.722155531247457,0.0,5000.0,8891.0
444.0,0.511,-11.0,2.1911230087280273,0.0,5000.0,8893.0
445.0,0.51125,-12.0,2.8064053058624268,0.0,5000.0,8896.0
446.0,0.5115000000000001,-35.0,2.59030636378697,0.0,5000.0,8931.0
447.0,0.51175,-35.0,2.456636081423078,0.0,5000.0,8966.0
448.0,0.512,-35.0,2.546332972390311,0.0,5000.0,9001.0
449.0,0.51225,8.0,2.6606021722157798,1.0,5000.0,9004.0
450.0,0.5125,-35.0,2.582935060773577,0.0,5000.0,9039.0
451.0,0.51275,-35.0,2.6019347156797137,0.0,5000.0,9074.0
452.0,0.513,-35.0,2.581577900477818,0.0,5000.0,9109.0
453.0,0.51325,9.0,2.9161837100982666,1.0,5000.0,9111.0
454.0,0.5135000000000001,-35.0,2.610806907926287,0.0,5000.0,9146.0
455.0,0.51375,-10.0,1.9931230545043945,0.0,5000.0,9147.0
456.0,0.514,-35.0,2.5219992092677526,0.0,5000.0,9182.0
457.0,0.51425,-35.0,2.561406854220799,0.0,5000.0,9217.0
458.0,0.5145,-35.0,2.5377207824162076,0.0,5000.0,9252.0
459.0,0.51475,-35.0,2.489501919065203,0.0,5000.0,9287.0
460.0,0.515,9.0,2.74263334274292,1.0,5000.0,9289.0
461.0,0.51525,-35.0,2.4411448274339946,0.0,5000.0,9324.0
462.0,0.5155000000000001,9.0,2.807234287261963,1.0,5000.0,9326.0
463.0,0.51575,5.0,2.3553324540456138,1.0,5000.0,9332.0
464.0,0.516,10.0,2.2428390979766846,1.0,5000.0,9333.0
465.0,0.51625,10.0,2.5286648273468018,1.0,5000.0,9334.0
466.0,0.5165,-23.0,2.4335758090019226,0.0,5000.0,9348.0
467.0,0.51675,-11.0,2.7291908264160156,0.0,5000.0,9350.0
468.0,0.517,-35.0,2.447279678072248,0.0,5000.0,9385.0
469.0,0.51725,-35.0,2.586828007016863,0.0,5000.0,9420.0
470.0,0.5175000000000001,4.0,2.4846409388950894,1.0,5000.0,9427.0
471.0,0.51775,-14.0,2.332832145690918,0.0,5000.0,9432.0
472.0,0.518,-35.0,2.561538784844535,0.0,5000.0,9467.0
473.0,0.51825,-13.0,2.676888406276703,0.0,5000.0,9471.0
474.0,0.5185,-13.0,2.4190694093704224,0.0,5000.0,9475.0
475.0,0.51875,8.0,2.6333206494649253,1.0,5000.0,9478.0
476.0,0.519,-35.0,2.465443573679243,0.0,5000.0,9513.0
477.0,0.51925,2.0,2.380945603052775,1.0,5000.0,9522.0
478.0,0.5195000000000001,-5.0,2.5360398665070534,1.0,5000.0,9538.0
479.0,0.51975,-11.0,2.6436781883239746,0.0,5000.0,9540.0
480.0,0.52,-10.0,2.2740650177001953,0.0,5000.0,9541.0
481.0,0.52025,-35.0,2.4454981463296073,0.0,5000.0,9576.0
482.0,0.5205,8.0,2.2676732540130615,1.0,5000.0,9579.0
483.0,0.52075,-12.0,2.5637821356455484,0.0,5000.0,9582.0
484.0,0.521,7.0,2.5236858129501343,1.0,5000.0,9586.0
485.0,0.52125,-11.0,2.2291959524154663,0.0,5000.0,9588.0
486.0,0.5215000000000001,-17.0,2.3619513426508223,1.0,5000.0,9616.0
487.0,0.52175,-12.0,2.742816607157389,0.0,5000.0,9619.0
488.0,0.522,-35.0,2.34446063382285,0.0,5000.0,9654.0
489.0,0.52225,-12.0,2.951784372329712,0.0,5000.0,9657.0
490.0,0.5225,-35.0,2.3648559706551686,0.0,5000.0,9692.0
491.0,0.52275,-10.0,2.4174587726593018,0.0,5000.0,9693.0
492.0,0.523,8.0,2.3586310545603433,1.0,5000.0,9696.0
493.0,0.52325,-35.0,2.5017623356410437,0.0,5000.0,9731.0
494.0,0.5235000000000001,-12.0,2.207255760828654,0.0,5000.0,9734.0
495.0,0.52375,-35.0,2.257628129848412,0.0,5000.0,9769.0
496.0,0.524,9.0,2.2765953540802,1.0,5000.0,9771.0
497.0,0.52425,-10.0,2.4511613845825195,0.0,5000.0,9772.0
498.0,0.5245,-13.0,2.4882043600082397,0.0,5000.0,9776.0
499.0,0.52475,-35.0,2.3450823375156946,0.0,5000.0,9811.0
500.0,0.525,-35.0,2.357771692957197,0.0,5000.0,9846.0
501.0,0.52525,10.0,2.6066410541534424,1.0,5000.0,9847.0
502.0,0.5255000000000001,-35.0,2.3608495712280275,0.0,5000.0,9882.0
503.0,0.52575,10.0,2.5152878761291504,1.0,5000.0,9883.0
504.0,0.526,-11.0,2.163102388381958,0.0,5000.0,9885.0
505.0,0.52625,-35.0,2.4721165895462036,0.0,5000.0,9920.0
506.0,0.5265,-11.0,2.2274471521377563,0.0,5000.0,9922.0
507.0,0.52675,-35.0,2.461542912891933,0.0,5000.0,9957.0
508.0,0.527,8.0,2.58341375986735,1.0,5000.0,9960.0
509.0,0.52725,-14.0,2.266579246520996,0.0,5000.0,9965.0
510.0,0.5275000000000001,3.0,2.614288717508316,1.0,5000.0,9973.0
511.0,0.52775,-35.0,2.340461894444057,0.0,5000.0,10008.0
512.0,0.528,7.0,2.4190369248390198,1.0,5000.0,10012.0
513.0,0.52825,-11.0,2.2683966159820557,0.0,5000.0,10014.0
514.0,0.5285,6.0,2.469730591773987,1.0,5000.0,10019.0
515.0,0.52875,-35.0,2.4095642157963346,0.0,5000.0,10054.0
516.0,0.529,10.0,2.189861297607422,1.0,5000.0,10055.0
517.0,0.52925,10.0,2.7818374633789062,1.0,5000.0,10056.0
518.0,0.5295,-35.0,2.4013785566602435,0.0,5000.0,10091.0
519.0,0.52975,-10.0,2.078564167022705,0.0,5000.0,10092.0
520.0,0.53,-10.0,2.4159340858459473,0.0,5000.0,10093.0
521.0,0.53025,-35.0,2.3660252264567783,0.0,5000.0,10128.0
522.0,0.5305,10.0,2.2253971099853516,1.0,5000.0,10129.0
523.0,0.53075,-26.0,2.40809361373677,0.0,5000.0,10146.0
524.0,0.531,-35.0,2.4072527953556606,0.0,5000.0,10181.0
525.0,0.53125,-35.0,2.4589093685150147,0.0,5000.0,10216.0
526.0,0.5315000000000001,-10.0,1.8337202072143555,0.0,5000.0,10217.0
527.0,0.53175,-15.0,2.266393303871155,0.0,5000.0,10223.0
528.0,0.532,-12.0,2.205625295639038,0.0,5000.0,10226.0
529.0,0.53225,-35.0,2.488479059083121,0.0,5000.0,10261.0
530.0,0.5325,-35.0,2.4378853184836253,0.0,5000.0,10296.0
531.0,0.5327500000000001,-13.0,2.379560112953186,0.0,5000.0,10300.0
532.0,0.533,-35.0,2.342606919152396,0.0,5000.0,10335.0
533.0,0.53325,9.0,2.4107749462127686,1.0,5000.0,10337.0
534.0,0.5335000000000001,-11.0,2.5231897830963135,0.0,5000.0,10339.0
535.0,0.5337500000000001,-35.0,2.4044144221714565,0.0,5000.0,10374.0
536.0,0.534,-11.0,2.408376693725586,0.0,5000.0,10376.0
537.0,0.53425,-11.0,2.600348949432373,0.0,5000.0,10378.0
538.0,0.5345,9.0,2.3789870738983154,1.0,5000.0,10380.0
539.0,0.5347500000000001,-12.0,2.5204172929128013,0.0,5000.0,10383.0
540.0,0.535,-35.0,2.363172970499311,0.0,5000.0,10418.0
541.0,0.53525,-35.0,2.3660373415265763,0.0,5000.0,10453.0
542.0,0.5355,-10.0,2.641575336456299,0.0,5000.0,10454.0
543.0,0.5357500000000001,9.0,2.478572726249695,1.0,5000.0,10456.0
544.0,0.536,-10.0,2.3273959159851074,0.0,5000.0,10457.0
545.0,0.53625,-11.0,2.5048298835754395,0.0,5000.0,10459.0
546.0,0.5365,-35.0,2.407566925457546,0.0,5000.0,10494.0
547.0,0.5367500000000001,-12.0,2.511042356491089,0.0,5000.0,10497.0
548.0,0.537,-12.0,2.3098526000976562,0.0,5000.0,10500.0
549.0,0.53725,1.0,2.3420077085494997,1.0,5000.0,10510.0
550.0,0.5375,-35.0,2.4171880756105697,0.0,5000.0,10545.0
551.0,0.53775,10.0,2.2716269493103027,1.0,5000.0,10546.0
552.0,0.538,-35.0,2.430350259372166,0.0,5000.0,10581.0
553.0,0.53825,-22.0,2.330619445213905,0.0,5000.0,10594.0
554.0,0.5385,-35.0,2.1548902647835866,0.0,5000.0,10629.0
555.0,0.5387500000000001,10.0,2.642657518386841,1.0,5000.0,10630.0
556.0,0.539,8.0,2.1293731927871704,1.0,5000.0,10633.0
557.0,0.53925,-35.0,2.371732694762094,0.0,5000.0,10668.0
558.0,0.5395000000000001,-35.0,2.3798165457589286,0.0,5000.0,10703.0
559.0,0.53975,10.0,2.467766761779785,1.0,5000.0,10704.0
560.0,0.54,-35.0,2.35902282169887,0.0,5000.0,10739.0
561.0,0.54025,-11.0,2.64881694316864,0.0,5000.0,10741.0
562.0,0.5405,-35.0,2.5116384029388428,0.0,5000.0,10776.0
563.0,0.5407500000000001,6.0,2.2826743602752684,1.0,5000.0,10781.0
564.0,0.541,10.0,2.298403739929199,1.0,5000.0,10782.0
565.0,0.54125,9.0,2.3059587478637695,1.0,5000.0,10784.0
566.0,0.5415,-20.0,2.3607909141048307,1.0,5000.0,10815.0
567.0,0.54175,-10.0,2.187291145324707,0.0,5000.0,10816.0
568.0,0.542,9.0,2.1641985177993774,1.0,5000.0,10818.0
569.0,0.54225,10.0,2.5344038009643555,1.0,5000.0,10819.0
570.0,0.5425,-35.0,2.256267898423331,0.0,5000.0,10854.0
571.0,0.5427500000000001,-35.0,2.3488308259419033,0.0,5000.0,10889.0
572.0,0.543,10.0,2.6942121982574463,1.0,5000.0,10890.0
573.0,0.54325,-35.0,2.3783161231449674,0.0,5000.0,10925.0
574.0,0.5435,-13.0,2.43805593252182,0.0,5000.0,10929.0
575.0,0.54375,-35.0,2.3710104874202185,0.0,5000.0,10964.0
576.0,0.544,-10.0,2.2940726280212402,0.0,5000.0,10965.0
577.0,0.54425,-13.0,2.3972977995872498,0.0,5000.0,10969.0
578.0,0.5445,10.0,1.9740185737609863,1.0,5000.0,10970.0
579.0,0.5447500000000001,-13.0,2.1661355793476105,0.0,5000.0,10974.0
580.0,0.545,9.0,2.0515153408050537,1.0,5000.0,10976.0
581.0,0.54525,-35.0,2.3740751266479494,0.0,5000.0,11011.0
582.0,0.5455,-18.0,2.4068738884396024,0.0,5000.0,11020.0
583.0,0.54575,8.0,2.1397114594777427,1.0,5000.0,11023.0
584.0,0.546,-35.0,2.2925493342535836,0.0,5000.0,11058.0
585.0,0.54625,-22.0,2.4088791058613706,0.0,5000.0,11071.0
586.0,0.5465,-11.0,1.9092150926589966,0.0,5000.0,11073.0
587.0,0.5467500000000001,-22.0,2.178526309820322,0.0,5000.0,11086.0
588.0,0.547,-12.0,2.4086571258047353,1.0,5000.0,11109.0
589.0,0.54725,5.0,2.3695845206578574,1.0,5000.0,11115.0
590.0,0.5475,10.0,2.0535638332366943,1.0,5000.0,11116.0
591.0,0.54775,-11.0,2.4895834922790527,0.0,5000.0,11118.0
592.0,0.548,-35.0,2.3713228396006993,0.0,5000.0,11153.0
593.0,0.54825,-35.0,2.3415840251105173,0.0,5000.0,11188.0
594.0,0.5485,-35.0,2.374821049826486,0.0,5000.0,11223.0
595.0,0.5487500000000001,-35.0,2.2896736553737096,0.0,5000.0,11258.0
596.0,0.549,-35.0,2.2645801986966814,0.0,5000.0,11293.0
597.0,0.54925,9.0,2.457357883453369,1.0,5000.0,11295.0
598.0,0.5495,-35.0,2.324126720428467,0.0,5000.0,11330.0
599.0,0.54975,10.0,2.6414761543273926,1.0,5000.0,11331.0
600.0,0.55,-10.0,2.287588357925415,0.0,5000.0,11332.0
601.0,0.55025,10.0,2.47517466545105,1.0,5000.0,11333.0
602.0,0.5505,-29.0,2.3410010635852814,0.0,5000.0,11353.0
603.0,0.55075,1.0,2.3915963172912598,1.0,5000.0,11363.0
604.0,0.551,-35.0,2.2476665326527185,0.0,5000.0,11398.0
605.0,0.55125,9.0,2.3669103384017944,1.0,5000.0,11400.0
606.0,0.5515,-35.0,2.3047409057617188,0.0,5000.0,11435.0
607.0,0.55175,-35.0,2.2740839242935182,0.0,5000.0,11470.0
608.0,0.552,-35.0,2.263668710844857,0.0,5000.0,11505.0
609.0,0.55225,-35.0,2.331239983013698,0.0,5000.0,11540.0
610.0,0.5525,-35.0,2.3359938587461198,0.0,5000.0,11575.0
611.0,0.5527500000000001,-35.0,2.3017581701278687,0.0,5000.0,11610.0
612.0,0.553,-12.0,2.2417003313700357,0.0,5000.0,11613.0
613.0,0.55325,-12.0,2.2963879108428955,0.0,5000.0,11616.0
614.0,0.5535,-11.0,2.2772269248962402,0.0,5000.0,11618.0
615.0,0.55375,8.0,2.11422336101532,1.0,5000.0,11621.0
616.0,0.554,-11.0,2.232583999633789,0.0,5000.0,11623.0
617.0,0.55425,-3.0,2.1919784120150974,1.0,5000.0,11637.0
618.0,0.5545,-11.0,2.2126896381378174,0.0,5000.0,11639.0
619.0,0.5547500000000001,-35.0,2.294860737664359,0.0,5000.0,11674.0
620.0,0.555,2.0,2.4913009537590876,1.0,5000.0,11683.0
621.0,0.55525,-35.0,2.314284144129072,0.0,5000.0,11718.0
622.0,0.5555,-35.0,2.265592990602766,0.0,5000.0,11753.0
623.0,0.55575,-11.0,2.1581456661224365,0.0,5000.0,11755.0
624.0,0.556,-35.0,2.188989291872297,0.0,5000.0,11790.0
625.0,0.55625,-13.0,2.1209970116615295,0.0,5000.0,11794.0
626.0,0.5565,-12.0,2.2973299821217856,0.0,5000.0,11797.0
627.0,0.55675,-23.0,2.278745872633798,0.0,5000.0,11811.0
628.0,0.557,-35.0,2.2661201204572405,0.0,5000.0,11846.0
629.0,0.55725,-35.0,2.256614691870553,0.0,5000.0,11881.0
630.0,0.5575,-35.0,2.391738176345825,0.0,5000.0,11916.0
631.0,0.55775,-35.0,2.2158514942441667,0.0,5000.0,11951.0
632.0,0.558,-35.0,2.2110242639269146,0.0,5000.0,11986.0
633.0,0.55825,-6.0,2.3810311415616203,1.0,5000.0,12003.0
634.0,0.5585,-13.0,2.1412989497184753,0.0,5000.0,12007.0
635.0,0.5587500000000001,-35.0,2.2855627741132465,0.0,5000.0,12042.0
636.0,0.559,-10.0,1.8710699081420898,0.0,5000.0,12043.0
637.0,0.55925,-35.0,2.2658656631197247,0.0,5000.0,12078.0
638.0,0.5595,-35.0,2.301151783125741,0.0,5000.0,12113.0
639.0,0.55975,-11.0,2.1400835514068604,0.0,5000.0,12115.0
640.0,0.56,-35.0,2.3084668942860196,0.0,5000.0,12150.0
641.0,0.56025,-11.0,2.485640287399292,0.0,5000.0,12152.0
642.0,0.5605,-35.0,2.1667280605861117,0.0,5000.0,12187.0
643.0,0.5607500000000001,7.0,2.327366530895233,1.0,5000.0,12191.0
644.0,0.5609999999999999,-35.0,2.2976099491119384,0.0,5000.0,12226.0
645.0,0.56125,10.0,1.9890273809432983,1.0,5000.0,12227.0
646.0,0.5615,-35.0,2.159919595718384,0.0,5000.0,12262.0
647.0,0.56175,-12.0,2.059545119603475,0.0,5000.0,12265.0
648.0,0.562,-11.0,2.3943039178848267,0.0,5000.0,12267.0
649.0,0.56225,-10.0,2.172060012817383,0.0,5000.0,12268.0
650.0,0.5625,-13.0,2.287994682788849,0.0,5000.0,12272.0
651.0,0.56275,-11.0,2.139150023460388,0.0,5000.0,12274.0
652.0,0.5630000000000001,-35.0,2.196733375958034,0.0,5000.0,12309.0
653.0,0.56325,-10.0,2.489595413208008,0.0,5000.0,12310.0
654.0,0.5635,-35.0,2.234794967515128,0.0,5000.0,12345.0
655.0,0.56375,-35.0,2.160924891063145,0.0,5000.0,12380.0
656.0,0.5640000000000001,-35.0,2.1751290151051115,0.0,5000.0,12415.0
657.0,0.56425,-35.0,2.2342570917946953,0.0,5000.0,12450.0
658.0,0.5645,8.0,2.450265089670817,1.0,5000.0,12453.0
659.0,0.5647500000000001,-35.0,2.215200866971697,0.0,5000.0,12488.0
660.0,0.5650000000000001,10.0,2.0188746452331543,1.0,5000.0,12489.0
661.0,0.56525,-10.0,2.0950872898101807,0.0,5000.0,12490.0
662.0,0.5655,-35.0,2.182886028289795,0.0,5000.0,12525.0
663.0,0.56575,-11.0,2.016974091529846,0.0,5000.0,12527.0
664.0,0.5660000000000001,-35.0,2.1051038810185023,0.0,5000.0,12562.0
665.0,0.56625,-35.0,2.283346676826477,0.0,5000.0,12597.0
666.0,0.5665,-35.0,2.245219693865095,0.0,5000.0,12632.0
667.0,0.56675,-13.0,2.332492411136627,0.0,5000.0,12636.0
668.0,0.567,-13.0,2.2584500312805176,0.0,5000.0,12640.0
669.0,0.56725,6.0,2.1873956680297852,1.0,5000.0,12645.0
670.0,0.5675,-35.0,2.143361517361232,0.0,5000.0,12680.0
671.0,0.56775,-10.0,2.1609387397766113,0.0,5000.0,12681.0
672.0,0.5680000000000001,-35.0,2.1370129585266113,0.0,5000.0,12716.0
673.0,0.56825,6.0,2.032481622695923,1.0,5000.0,12721.0
674.0,0.5685,-35.0,2.19621422290802,0.0,5000.0,12756.0
675.0,0.56875,-35.0,2.11411543573652,0.0,5000.0,12791.0
676.0,0.5690000000000001,-14.0,2.009601855278015,0.0,5000.0,12796.0
677.0,0.56925,9.0,2.3673810958862305,1.0,5000.0,12798.0
678.0,0.5695,-11.0,2.3039281259883535,1.0,5000.0,12820.0
679.0,0.56975,-35.0,2.141259203638349,0.0,5000.0,12855.0
680.0,0.5700000000000001,-11.0,2.1578805446624756,0.0,5000.0,12857.0
681.0,0.57025,-35.0,2.1619805199759345,0.0,5000.0,12892.0
682.0,0.5705,8.0,2.1545561949412027,1.0,5000.0,12895.0
683.0,0.5707500000000001,-35.0,2.1254323141915457,0.0,5000.0,12930.0
684.0,0.571,9.0,1.0524620562791824,1.0,5000.0,12932.0
685.0,0.57125,-35.0,2.141211036273411,0.0,5000.0,12967.0
686.0,0.5715,-35.0,2.2136763538633075,0.0,5000.0,13002.0
687.0,0.57175,-10.0,2.152505874633789,0.0,5000.0,13003.0
688.0,0.5720000000000001,-10.0,2.465409755706787,0.0,5000.0,13004.0
689.0,0.57225,-11.0,2.3199788331985474,0.0,5000.0,13006.0
690.0,0.5725,-35.0,2.167807224818638,0.0,5000.0,13041.0
691.0,0.57275,6.0,2.2418567180633544,1.0,5000.0,13046.0
692.0,0.573,5.0,2.1712230841318765,1.0,5000.0,13052.0
693.0,0.57325,-10.0,2.2766504287719727,0.0,5000.0,13053.0
694.0,0.5735,-35.0,2.113565162249974,0.0,5000.0,13088.0
695.0,0.57375,9.0,2.2431209683418274,1.0,5000.0,13090.0
696.0,0.5740000000000001,-35.0,2.1917552743639264,0.0,5000.0,13125.0
697.0,0.57425,10.0,2.1739656925201416,1.0,5000.0,13126.0
698.0,0.5745,-12.0,2.169515093167623,0.0,5000.0,13129.0
699.0,0.57475,-10.0,2.4760570526123047,0.0,5000.0,13130.0
700.0,0.5750000000000001,-35.0,2.200395550046648,0.0,5000.0,13165.0
701.0,0.57525,10.0,1.8224155902862549,1.0,5000.0,13166.0
702.0,0.5755,-35.0,2.2189707721982685,0.0,5000.0,13201.0
703.0,0.57575,-11.0,2.438231945037842,0.0,5000.0,13203.0
704.0,0.5760000000000001,10.0,2.1916160583496094,1.0,5000.0,13204.0
705.0,0.57625,-35.0,2.1644709076200215,0.0,5000.0,13239.0
706.0,0.5765,-14.0,1.8586716890335082,0.0,5000.0,13244.0
707.0,0.57675,-10.0,2.433825969696045,0.0,5000.0,13245.0
708.0,0.577,-35.0,2.21807428087507,0.0,5000.0,13280.0
709.0,0.57725,-35.0,2.191720254080636,0.0,5000.0,13315.0
710.0,0.5775,-35.0,2.209226202964783,0.0,5000.0,13350.0
711.0,0.57775,-35.0,2.160034363610404,0.0,5000.0,13385.0
712.0,0.5780000000000001,-35.0,2.2005419560841153,0.0,5000.0,13420.0
713.0,0.57825,-10.0,2.2527733132952736,1.0,5000.0,13441.0
714.0,0.5785,-14.0,2.240428161621094,0.0,5000.0,13446.0
715.0,0.57875,-21.0,2.327787001927694,0.0,5000.0,13458.0
716.0,0.579,-35.0,2.196528880936759,0.0,5000.0,13493.0
717.0,0.57925,9.0,2.0864673852920532,1.0,5000.0,13495.0
718.0,0.5795,-35.0,2.1235629660742625,0.0,5000.0,13530.0
719.0,0.57975,-35.0,2.0825468506131855,0.0,5000.0,13565.0
720.0,0.5800000000000001,-12.0,2.1791709661483765,0.0,5000.0,13568.0
721.0,0.58025,-35.0,2.1717024769101823,0.0,5000.0,13603.0
722.0,0.5805,-37.0,2.179883394922529,0.0,5000.0,13631.0
723.0,0.58075,-10.0,1.9843013286590576,0.0,5000.0,13632.0
724.0,0.5810000000000001,-10.0,1.9736741781234741,0.0,5000.0,13633.0
725.0,0.58125,-11.0,2.3126847743988037,0.0,5000.0,13635.0
726.0,0.5815,-4.0,2.349334796269735,1.0,5000.0,13650.0
727.0,0.58175,-35.0,2.1097338233675274,0.0,5000.0,13685.0
728.0,0.5820000000000001,-35.0,2.2104663712637764,0.0,5000.0,13720.0
729.0,0.58225,9.0,2.6837676763534546,1.0,5000.0,13722.0
730.0,0.5825,7.0,2.0383594930171967,1.0,5000.0,13726.0
731.0,0.58275,10.0,1.9505410194396973,1.0,5000.0,13727.0
732.0,0.583,5.0,2.1125224828720093,1.0,5000.0,13733.0
733.0,0.58325,-35.0,2.234736636706761,0.0,5000.0,13768.0
734.0,0.5835,-10.0,2.2448198795318604,0.0,5000.0,13769.0
735.0,0.58375,-10.0,2.0390255451202393,0.0,5000.0,13770.0
736.0,0.584,-13.0,2.2508038878440857,0.0,5000.0,13774.0
737.0,0.58425,8.0,2.204949378967285,1.0,5000.0,13777.0
738.0,0.5845,10.0,1.7143921852111816,1.0,5000.0,13778.0
739.0,0.58475,-35.0,2.1098027263368877,0.0,5000.0,13813.0
740.0,0.585,-35.0,2.189586823327201,0.0,5000.0,13848.0
741.0,0.58525,-35.0,2.2028535161699567,0.0,5000.0,13883.0
742.0,0.5855,-35.0,2.185139274597168,0.0,5000.0,13918.0
743.0,0.58575,-35.0,2.1724654231752667,0.0,5000.0,13953.0
744.0,0.5860000000000001,8.0,2.4848247369130454,1.0,5000.0,13956.0
745.0,0.58625,-44.0,2.207003365244184,0.0,5000.0,13991.0
746.0,0.5865,-35.0,2.1370761258261544,0.0,5000.0,14026.0
747.0,0.58675,-35.0,2.113587698233979,0.0,5000.0,14061.0
748.0,0.587,-35.0,2.164893681662423,0.0,5000.0,14096.0
749.0,0.58725,-13.0,2.3122600317001343,0.0,5000.0,14100.0
750.0,0.5875,-35.0,2.27316358089447,0.0,5000.0,14135.0
751.0,0.58775,-13.0,2.374216079711914,0.0,5000.0,14139.0
752.0,0.5880000000000001,-35.0,2.0997682196753367,0.0,5000.0,14174.0
753.0,0.5882499999999999,-35.0,2.064216218675886,0.0,5000.0,14209.0
754.0,0.5885,-35.0,2.2473300559180123,0.0,5000.0,14244.0
755.0,0.58875,-12.0,1.746562918027242,0.0,5000.0,14247.0
756.0,0.589,-35.0,2.1848391124180386,0.0,5000.0,14282.0
757.0,0.58925,-35.0,2.079635991368975,0.0,5000.0,14317.0
758.0,0.5895,-35.0,2.128507191794259,0.0,5000.0,14352.0
759.0,0.58975,8.0,2.0509998003641763,1.0,5000.0,14355.0
760.0,0.59,10.0,1.9129506349563599,1.0,5000.0,14356.0
761.0,0.59025,8.0,1.8414855003356934,1.0,5000.0,14359.0
762.0,0.5905,-35.0,2.107871093068804,0.0,5000.0,14394.0
763.0,0.59075,9.0,2.2165582180023193,1.0,5000.0,14396.0
764.0,0.591,-10.0,2.0123040676116943,0.0,5000.0,14397.0
765.0,0.59125,-35.0,2.137563361440386,0.0,5000.0,14432.0
766.0,0.5915,10.0,2.572110652923584,1.0,5000.0,14433.0
767.0,0.59175,-10.0,2.5467934608459473,0.0,5000.0,14434.0
768.0,0.5920000000000001,-12.0,2.1107495625813804,0.0,5000.0,14437.0
769.0,0.59225,-35.0,2.093286214556013,0.0,5000.0,14472.0
770.0,0.5925,-35.0,2.10508177621024,0.0,5000.0,14507.0
771.0,0.59275,-35.0,2.1365727254322597,0.0,5000.0,14542.0
772.0,0.593,6.0,2.31062273979187,1.0,5000.0,14547.0
773.0,0.59325,8.0,2.420500119527181,1.0,5000.0,14550.0
774.0,0.5935,10.0,2.3111696243286133,1.0,5000.0,14551.0
775.0,0.59375,-35.0,2.176398253440857,0.0,5000.0,14586.0
776.0,0.594,-33.0,2.1748890578746796,0.0,5000.0,14610.0
777.0,0.59425,-35.0,2.190679247038705,0.0,5000.0,14645.0
778.0,0.5945,7.0,1.8979899883270264,1.0,5000.0,14649.0
779.0,0.59475,-35.0,2.196294890131269,0.0,5000.0,14684.0
780.0,0.595,6.0,2.175581169128418,1.0,5000.0,14689.0
781.0,0.5952500000000001,-35.0,2.0959745679582866,0.0,5000.0,14724.0
782.0,0.5955,-13.0,2.1788649559020996,0.0,5000.0,14728.0
783.0,0.59575,-12.0,2.0568042993545532,0.0,5000.0,14731.0
784.0,0.596,-35.0,2.186924978664943,0.0,5000.0,14766.0
785.0,0.5962500000000001,-35.0,2.0818405832563127,0.0,5000.0,14801.0
786.0,0.5965,-35.0,2.155902331215995,0.0,5000.0,14836.0
787.0,0.59675,-12.0,1.9354321559270222,0.0,5000.0,14839.0
788.0,0.597,-35.0,2.17844649042402,0.0,5000.0,14874.0
789.0,0.5972500000000001,-35.0,2.2393752098083497,0.0,5000.0,14909.0
790.0,0.5975,8.0,2.5518740812937417,1.0,5000.0,14912.0
791.0,0.59775,8.0,2.4479691982269287,1.0,5000.0,14915.0
792.0,0.5980000000000001,10.0,2.1341285705566406,1.0,5000.0,14916.0
793.0,0.5982500000000001,-35.0,2.19387697832925,0.0,5000.0,14951.0
794.0,0.5985,-35.0,2.140290699686323,0.0,5000.0,14986.0
795.0,0.59875,9.0,2.1752681732177734,1.0,5000.0,14988.0
796.0,0.599,-37.0,2.1500923207827976,0.0,5000.0,15016.0
797.0,0.5992500000000001,-35.0,2.2014289345060076,0.0,5000.0,15051.0
798.0,0.5995,8.0,2.1461873849232993,1.0,5000.0,15054.0
799.0,0.59975,-10.0,2.353165626525879,0.0,5000.0,15055.0
800.0,0.6,8.0,2.4854471683502197,1.0,5000.0,15058.0
801.0,0.60025,-12.0,1.707283894220988,0.0,5000.0,15061.0
802.0,0.6005,-11.0,2.2762407064437866,0.0,5000.0,15063.0
803.0,0.60075,-35.0,2.1070266246795653,0.0,5000.0,15098.0
804.0,0.601,10.0,2.2652432918548584,1.0,5000.0,15099.0
805.0,0.6012500000000001,9.0,1.6641390919685364,1.0,5000.0,15101.0
806.0,0.6015,-35.0,2.1332743644714354,0.0,5000.0,15136.0
807.0,0.60175,-35.0,2.21692738873618,0.0,5000.0,15171.0
808.0,0.602,-10.0,2.1213529109954834,0.0,5000.0,15172.0
809.0,0.6022500000000001,-35.0,2.1279867138181414,0.0,5000.0,15207.0
810.0,0.6025,-35.0,2.1992887428828647,0.0,5000.0,15242.0
811.0,0.60275,-10.0,2.3280539512634277,0.0,5000.0,15243.0
812.0,0.603,-35.0,2.150492170878819,0.0,5000.0,15278.0
813.0,0.6032500000000001,8.0,2.1789817015329995,1.0,5000.0,15281.0
814.0,0.6035,-35.0,2.16936525276729,0.0,5000.0,15316.0
815.0,0.60375,-35.0,2.1274733202798024,0.0,5000.0,15351.0
816.0,0.6040000000000001,-11.0,2.3824245929718018,0.0,5000.0,15353.0
817.0,0.60425,-11.0,2.04228013753891,0.0,5000.0,15355.0
818.0,0.6045,-10.0,2.0824737548828125,0.0,5000.0,15356.0
819.0,0.60475,-10.0,2.515976905822754,0.0,5000.0,15357.0
820.0,0.605,-11.0,1.9162604808807373,0.0,5000.0,15359.0
821.0,0.6052500000000001,-10.0,1.8695068359375,0.0,5000.0,15360.0
822.0,0.6055,-35.0,2.2014682326998027,0.0,5000.0,15395.0
823.0,0.60575,-14.0,2.05748610496521,0.0,5000.0,15400.0
824.0,0.606,-10.0,1.6433806419372559,0.0,5000.0,15401.0
825.0,0.60625,-14.0,2.2556960105896,0.0,5000.0,15406.0
826.0,0.6065,-35.0,2.2429554973329817,0.0,5000.0,15441.0
827.0,0.60675,4.0,1.9864150285720825,1.0,5000.0,15448.0
828.0,0.607,-35.0,2.092033529281616,0.0,5000.0,15483.0
829.0,0.6072500000000001,-35.0,2.1991880008152553,0.0,5000.0,15518.0
830.0,0.6075,-12.0,2.141333738962809,0.0,5000.0,15521.0
831.0,0.60775,-35.0,2.078073171206883,0.0,5000.0,15556.0
832.0,0.608,4.0,2.1894846303122386,1.0,5000.0,15563.0
833.0,0.6082500000000001,7.0,1.8651209771633148,1.0,5000.0,15567.0
834.0,0.6085,5.0,2.2786561648050943,1.0,5000.0,15573.0
835.0,0.60875,-35.0,2.0968903871519227,0.0,5000.0,15608.0
836.0,0.609,-35.0,2.1212518283299038,0.0,5000.0,15643.0
837.0,0.6092500000000001,10.0,1.8802051544189453,1.0,5000.0,15644.0
838.0,0.6095,-35.0,2.2229284388678416,0.0,5000.0,15679.0
839.0,0.60975,7.0,2.3126564025878906,1.0,5000.0,15683.0
840.0,0.61,-35.0,2.162596985271999,0.0,5000.0,15718.0
841.0,0.61025,-35.0,2.184709164074489,0.0,5000.0,15753.0
842.0,0.6105,-15.0,2.2054089720432577,1.0,5000.0,15779.0
843.0,0.61075,8.0,1.8548473119735718,1.0,5000.0,15782.0
844.0,0.611,-35.0,2.136223486491612,0.0,5000.0,15817.0
845.0,0.6112500000000001,-35.0,2.12388162953513,0.0,5000.0,15852.0
846.0,0.6115,-35.0,2.094283161844526,0.0,5000.0,15887.0
847.0,0.61175,-11.0,2.4919867515563965,0.0,5000.0,15889.0
848.0,0.612,-35.0,2.142444736616952,0.0,5000.0,15924.0
849.0,0.61225,-36.0,2.04158995769642,0.0,5000.0,15951.0
850.0,0.6125,-12.0,1.9304020802179973,0.0,5000.0,15954.0
851.0,0.61275,-35.0,2.137269575255258,0.0,5000.0,15989.0
852.0,0.613,10.0,2.092982292175293,1.0,5000.0,15990.0
853.0,0.6132500000000001,-35.0,2.0907421588897703,0.0,5000.0,16025.0
854.0,0.6135,-11.0,2.1625587940216064,0.0,5000.0,16027.0
855.0,0.61375,-35.0,2.1457142216818674,0.0,5000.0,16062.0
856.0,0.614,-11.0,1.9732674956321716,0.0,5000.0,16064.0
857.0,0.61425,-12.0,2.113836685816447,0.0,5000.0,16067.0
858.0,0.6145,-35.0,2.189407437188285,0.0,5000.0,16102.0
859.0,0.61475,-10.0,2.619034767150879,0.0,5000.0,16103.0
860.0,0.615,-10.0,1.9086754322052002,0.0,5000.0,16104.0
861.0,0.6152500000000001,-35.0,2.130114483833313,0.0,5000.0,16139.0
862.0,0.6155,-35.0,2.2221868446895052,0.0,5000.0,16174.0
863.0,0.61575,9.0,1.9477957487106323,1.0,5000.0,16176.0
864.0,0.616,-11.0,2.188633680343628,0.0,5000.0,16178.0
865.0,0.61625,-12.0,2.3355716864267984,0.0,5000.0,16181.0
866.0,0.6165,-12.0,2.00492795308431,0.0,5000.0,16184.0
867.0,0.61675,1.0,2.0221821665763855,1.0,5000.0,16194.0
868.0,0.617,-35.0,2.1019317831311906,0.0,5000.0,16229.0
869.0,0.61725,-35.0,2.086321929522923,0.0,5000.0,16264.0
870.0,0.6175,-35.0,2.154291456086295,0.0,5000.0,16299.0
871.0,0.61775,-12.0,2.1539902687072754,0.0,5000.0,16302.0
872.0,0.618,-11.0,2.226372003555298,0.0,5000.0,16304.0
873.0,0.61825,-35.0,2.203569531440735,0.0,5000.0,16339.0
874.0,0.6185,-35.0,2.2384242500577654,0.0,5000.0,16374.0
875.0,0.61875,-35.0,2.2041360173906597,0.0,5000.0,16409.0
876.0,0.619,-12.0,2.2704099814097085,0.0,5000.0,16412.0
877.0,0.6192500000000001,8.0,2.1614100138346353,1.0,5000.0,16415.0
878.0,0.6195,-35.0,2.0628560985837665,0.0,5000.0,16450.0
879.0,0.61975,-6.0,2.1157767912920784,1.0,5000.0,16467.0
880.0,0.62,-14.0,2.175988850593567,1.0,5000.0,16492.0
881.0,0.62025,-32.0,2.1584718745687734,0.0,5000.0,16515.0
882.0,0.6205,10.0,2.359736919403076,1.0,5000.0,16516.0
883.0,0.62075,-35.0,2.1482683011463712,0.0,5000.0,16551.0
884.0,0.621,-12.0,2.1292075316111245,0.0,5000.0,16554.0
885.0,0.6212500000000001,10.0,2.1509811878204346,1.0,5000.0,16555.0
886.0,0.6214999999999999,-35.0,2.1011133432388305,0.0,5000.0,16590.0
887.0,0.62175,9.0,2.152666687965393,1.0,5000.0,16592.0
888.0,0.622,-35.0,2.0621181522096905,0.0,5000.0,16627.0
889.0,0.62225,-11.0,2.192295551300049,0.0,5000.0,16629.0
890.0,0.6225,-11.0,2.170117735862732,0.0,5000.0,16631.0
891.0,0.62275,10.0,1.860304832458496,1.0,5000.0,16632.0
892.0,0.623,-10.0,2.1910274028778076,0.0,5000.0,16633.0
893.0,0.62325,-10.0,2.0569515228271484,0.0,5000.0,16634.0
894.0,0.6235,-11.0,2.292782783508301,0.0,5000.0,16636.0
895.0,0.62375,-35.0,2.139987795693534,0.0,5000.0,16671.0
896.0,0.624,-35.0,2.0785127094813753,0.0,5000.0,16706.0
897.0,0.62425,9.0,1.9309982657432556,1.0,5000.0,16708.0
898.0,0.6245,-35.0,2.1989853313991,0.0,5000.0,16743.0
899.0,0.62475,-35.0,2.174887943267822,0.0,5000.0,16778.0
900.0,0.625,-16.0,2.1534490982691445,1.0,5000.0,16805.0
901.0,0.6252500000000001,8.0,2.3306538263956704,1.0,5000.0,16808.0
902.0,0.6255000000000001,-35.0,2.114411514145987,0.0,5000.0,16843.0
903.0,0.62575,-35.0,2.160939196177891,0.0,5000.0,16878.0
904.0,0.626,-10.0,2.5759479999542236,0.0,5000.0,16879.0
905.0,0.62625,7.0,2.172750473022461,1.0,5000.0,16883.0
906.0,0.6265000000000001,-35.0,2.0632629769189017,0.0,5000.0,16918.0
907.0,0.62675,-35.0,2.068167407172067,0.0,5000.0,16953.0
908.0,0.627,9.0,2.1537505388259888,1.0,5000.0,16955.0
909.0,0.62725,-35.0,2.0674759490149364,0.0,5000.0,16990.0
910.0,0.6275,2.0,2.279729141129388,1.0,5000.0,16999.0
911.0,0.62775,10.0,2.260713577270508,1.0,5000.0,17000.0
912.0,0.628,8.0,1.854337453842163,1.0,5000.0,17003.0
913.0,0.62825,-35.0,2.0763855491365706,0.0,5000.0,17038.0
914.0,0.6285000000000001,-35.0,2.0607671328953336,0.0,5000.0,17073.0
915.0,0.62875,-35.0,2.069583395549229,0.0,5000.0,17108.0
916.0,0.629,9.0,2.0062376260757446,1.0,5000.0,17110.0
917.0,0.62925,9.0,2.270027995109558,1.0,5000.0,17112.0
918.0,0.6295,-35.0,2.1567806107657295,0.0,5000.0,17147.0
919.0,0.62975,-35.0,2.1271938051496235,0.0,5000.0,17182.0
920.0,0.63,-35.0,2.1581892899104527,0.0,5000.0,17217.0
921.0,0.63025,10.0,2.152883291244507,1.0,5000.0,17218.0
922.0,0.6305000000000001,-11.0,1.9644798040390015,0.0,5000.0,17220.0
923.0,0.63075,-35.0,2.0588489089693343,0.0,5000.0,17255.0
924.0,0.631,-5.0,1.9923420026898384,1.0,5000.0,17271.0
925.0,0.6312500000000001,-35.0,2.137506709780012,0.0,5000.0,17306.0
926.0,0.6315,7.0,2.1205517649650574,1.0,5000.0,17310.0
927.0,0.63175,10.0,2.3160061836242676,1.0,5000.0,17311.0
928.0,0.632,-10.0,2.2796568870544434,0.0,5000.0,17312.0
929.0,0.63225,-35.0,2.171993248803275,0.0,5000.0,17347.0
930.0,0.6325000000000001,-35.0,2.003131168229239,0.0,5000.0,17382.0
931.0,0.63275,8.0,1.9968842665354412,1.0,5000.0,17385.0
932.0,0.633,8.0,2.156501611073812,1.0,5000.0,17388.0
933.0,0.63325,5.0,2.220895310242971,1.0,5000.0,17394.0
934.0,0.6335,-10.0,2.316908836364746,0.0,5000.0,17395.0
935.0,0.63375,-12.0,2.0432256857554116,0.0,5000.0,17398.0
936.0,0.634,9.0,2.241172671318054,1.0,5000.0,17400.0
937.0,0.63425,9.0,2.196223020553589,1.0,5000.0,17402.0
938.0,0.6345000000000001,-40.0,1.9814990758895874,0.0,5000.0,17433.0
939.0,0.63475,-35.0,2.0944888148988996,0.0,5000.0,17468.0
940.0,0.635,10.0,2.2012789249420166,1.0,5000.0,17469.0
941.0,0.63525,9.0,1.734541416168213,1.0,5000.0,17471.0
942.0,0.6355,-35.0,2.1195116247449604,0.0,5000.0,17506.0
943.0,0.63575,-35.0,1.9433813163212368,0.0,5000.0,17541.0
944.0,0.636,-35.0,2.061611325400216,0.0,5000.0,17576.0
945.0,0.63625,8.0,2.2436054150263467,1.0,5000.0,17579.0
946.0,0.6365000000000001,-14.0,1.9839270114898682,0.0,5000.0,17584.0
947.0,0.63675,-12.0,1.786109169324239,0.0,5000.0,17587.0
948.0,0.637,-11.0,2.1246891021728516,0.0,5000.0,17589.0
949.0,0.6372500000000001,9.0,1.9985432624816895,1.0,5000.0,17591.0
950.0,0.6375,-35.0,2.1258379902158464,0.0,5000.0,17626.0
951.0,0.63775,9.0,1.9746737480163574,1.0,5000.0,17628.0
952.0,0.638,-14.0,2.192931795120239,0.0,5000.0,17633.0
953.0,0.63825,8.0,2.13599423567454,1.0,5000.0,17636.0
954.0,0.6385000000000001,-35.0,2.1865241152899606,0.0,5000.0,17671.0
955.0,0.6387499999999999,-10.0,1.6847941875457764,0.0,5000.0,17672.0
956.0,0.639,-35.0,2.0404276439121793,0.0,5000.0,17707.0
957.0,0.63925,-35.0,2.1008337463651383,0.0,5000.0,17742.0
958.0,0.6395,9.0,1.861196756362915,1.0,5000.0,17744.0
959.0,0.63975,10.0,2.6085047721862793,1.0,5000.0,17745.0
960.0,0.64,-10.0,1.8708844184875488,0.0,5000.0,17746.0
961.0,0.64025,-10.0,2.016278028488159,0.0,5000.0,17747.0
962.0,0.6405000000000001,8.0,2.0019125938415527,1.0,5000.0,17750.0
963.0,0.64075,8.0,1.8275354305903118,1.0,5000.0,17753.0
964.0,0.641,-13.0,2.0377254486083984,0.0,5000.0,17757.0
965.0,0.64125,4.0,2.115628327642168,1.0,5000.0,17764.0
966.0,0.6415,-35.0,2.0322543587003437,0.0,5000.0,17799.0
967.0,0.64175,10.0,1.6509649753570557,1.0,5000.0,17800.0
968.0,0.642,8.0,1.9590397675832112,1.0,5000.0,17803.0
969.0,0.64225,-11.0,2.1543665528297424,0.0,5000.0,17805.0
970.0,0.6425000000000001,10.0,2.432875633239746,1.0,5000.0,17806.0
971.0,0.64275,-10.0,1.802107334136963,0.0,5000.0,17807.0
972.0,0.643,10.0,2.0102577209472656,1.0,5000.0,17808.0
973.0,0.64325,-11.0,2.1614919900894165,0.0,5000.0,17810.0
974.0,0.6435,-35.0,2.0333927631378175,0.0,5000.0,17845.0
975.0,0.64375,-35.0,2.0828063930783953,0.0,5000.0,17880.0
976.0,0.644,-11.0,1.8198490142822266,0.0,5000.0,17882.0
977.0,0.64425,8.0,2.0230705738067627,1.0,5000.0,17885.0
978.0,0.6445,-35.0,2.0485675403050014,0.0,5000.0,17920.0
979.0,0.6447499999999999,-35.0,1.9237387554986136,0.0,5000.0,17955.0
980.0,0.645,-35.0,1.9944094317299979,0.0,5000.0,17990.0
981.0,0.64525,-35.0,2.127958880152021,0.0,5000.0,18025.0
982.0,0.6455,-10.0,1.9667574167251587,0.0,5000.0,18026.0
983.0,0.64575,-44.0,2.0416719027927943,0.0,5000.0,18061.0
984.0,0.646,-35.0,2.050276252201625,0.0,5000.0,18096.0
985.0,0.64625,-35.0,2.0720798458371843,0.0,5000.0,18131.0
986.0,0.6465000000000001,-12.0,1.7697263956069946,0.0,5000.0,18134.0
987.0,0.64675,-13.0,1.9726178646087646,0.0,5000.0,18138.0
988.0,0.647,10.0,1.717827320098877,1.0,5000.0,18139.0
989.0,0.64725,-35.0,1.9771977356501989,0.0,5000.0,18174.0
990.0,0.6475,7.0,1.931993305683136,1.0,5000.0,18178.0
991.0,0.64775,-35.0,1.9682790006910051,0.0,5000.0,18213.0
992.0,0.648,-35.0,2.0541124650410243,0.0,5000.0,18248.0
993.0,0.64825,9.0,1.9371795654296875,1.0,5000.0,18250.0
994.0,0.6485000000000001,8.0,1.9298950831095378,1.0,5000.0,18253.0
995.0,0.64875,8.0,2.4091855684916177,1.0,5000.0,18256.0
996.0,0.649,-35.0,1.9897392579487392,0.0,5000.0,18291.0
997.0,0.64925,5.0,1.8173775672912598,1.0,5000.0,18297.0
998.0,0.6495,-35.0,1.994402469907488,0.0,5000.0,18332.0
999.0,0.64975,-18.0,2.049017137951321,0.0,5000.0,18341.0
1000.0,0.65,9.0,2.210608720779419,1.0,5000.0,18343.0
1001.0,0.65025,-15.0,2.06678307056427,0.0,5000.0,18349.0
1002.0,0.6505000000000001,-35.0,2.0027370486940654,0.0,5000.0,18384.0
1003.0,0.6507499999999999,-35.0,2.0892890317099435,0.0,5000.0,18419.0
1004.0,0.651,-11.0,1.523387849330902,0.0,5000.0,18421.0
1005.0,0.65125,-35.0,1.9477140665054322,0.0,5000.0,18456.0
1006.0,0.6515,8.0,1.972049395243327,1.0,5000.0,18459.0
1007.0,0.65175,-35.0,2.029169613974435,0.0,5000.0,18494.0
1008.0,0.652,-35.0,2.0008168254579815,0.0,5000.0,18529.0
1009.0,0.65225,9.0,1.8049699068069458,1.0,5000.0,18531.0
1010.0,0.6525000000000001,-11.0,1.832533359527588,0.0,5000.0,18533.0
1011.0,0.6527499999999999,-11.0,2.50649094581604,0.0,5000.0,18535.0
1012.0,0.653,-10.0,2.106295108795166,0.0,5000.0,18536.0
1013.0,0.65325,-38.0,2.0609974408971854,0.0,5000.0,18565.0
1014.0,0.6535,9.0,2.2536797523498535,1.0,5000.0,18567.0
1015.0,0.65375,-35.0,1.972000503540039,0.0,5000.0,18602.0
1016.0,0.654,-35.0,2.0318004642214094,0.0,5000.0,18637.0
1017.0,0.65425,-36.0,2.06250747927913,0.0,5000.0,18664.0
1018.0,0.6545000000000001,8.0,1.7393214702606201,1.0,5000.0,18667.0
1019.0,0.6547499999999999,-11.0,2.1008678674697876,0.0,5000.0,18669.0
1020.0,0.655,-14.0,2.0639935064315797,1.0,5000.0,18694.0
1021.0,0.65525,8.0,2.057449539502462,1.0,5000.0,18697.0
1022.0,0.6555,-10.0,1.9471237659454346,0.0,5000.0,18698.0
1023.0,0.65575,10.0,1.5174657106399536,1.0,5000.0,18699.0
1024.0,0.656,-35.0,1.937502418245588,0.0,5000.0,18734.0
1025.0,0.65625,-11.0,1.6929521560668945,0.0,5000.0,18736.0
1026.0,0.6565000000000001,-35.0,2.0399219274520872,0.0,5000.0,18771.0
1027.0,0.65675,-42.0,2.001257365400141,0.0,5000.0,18804.0
1028.0,0.657,8.0,1.9280340671539307,1.0,5000.0,18807.0
1029.0,0.65725,-12.0,1.9727733929951985,0.0,5000.0,18810.0
1030.0,0.6575,-35.0,1.9462186132158552,0.0,5000.0,18845.0
1031.0,0.6577500000000001,-35.0,1.944130757876805,0.0,5000.0,18880.0
1032.0,0.658,-35.0,2.0048396008355276,0.0,5000.0,18915.0
1033.0,0.65825,10.0,1.6587424278259277,1.0,5000.0,18916.0
1034.0,0.6585000000000001,-35.0,1.9547220604760307,0.0,5000.0,18951.0
1035.0,0.65875,10.0,2.5840675830841064,1.0,5000.0,18952.0
1036.0,0.659,-35.0,1.9395475796290806,0.0,5000.0,18987.0
1037.0,0.65925,-10.0,1.9090476036071777,0.0,5000.0,18988.0
1038.0,0.6595,7.0,1.8880451321601868,1.0,5000.0,18992.0
1039.0,0.6597500000000001,-11.0,1.857378900051117,0.0,5000.0,18994.0
1040.0,0.66,7.0,1.6110796332359314,1.0,5000.0,18998.0
1041.0,0.66025,9.0,1.731039047241211,1.0,5000.0,19000.0
1042.0,0.6605,-35.0,1.9331256525857108,0.0,5000.0,19035.0
1043.0,0.66075,-20.0,2.206606236371127,0.0,5000.0,19046.0
1044.0,0.661,-10.0,1.9129676818847656,0.0,5000.0,19047.0
1045.0,0.66125,-35.0,1.971184880392892,0.0,5000.0,19082.0
1046.0,0.6615,-44.0,2.067665093285697,0.0,5000.0,19117.0
1047.0,0.6617500000000001,-35.0,1.935548380443028,0.0,5000.0,19152.0
1048.0,0.6619999999999999,-35.0,1.879413138117109,0.0,5000.0,19187.0
1049.0,0.66225,-10.0,2.4988019466400146,0.0,5000.0,19188.0
1050.0,0.6625000000000001,-35.0,1.9244190522602627,0.0,5000.0,19223.0
1051.0,0.66275,9.0,1.772369146347046,1.0,5000.0,19225.0
1052.0,0.663,8.0,1.970468521118164,1.0,5000.0,19228.0
1053.0,0.66325,-13.0,1.7954601347446442,0.0,5000.0,19232.0
1054.0,0.6635,-11.0,2.113974690437317,0.0,5000.0,19234.0
1055.0,0.6637500000000001,7.0,1.9638078808784485,1.0,5000.0,19238.0
1056.0,0.664,10.0,2.1814932823181152,1.0,5000.0,19239.0
1057.0,0.66425,-35.0,1.9136055333273752,0.0,5000.0,19274.0
1058.0,0.6645000000000001,7.0,2.076039493083954,1.0,5000.0,19278.0
1059.0,0.66475,-35.0,1.924328534943717,0.0,5000.0,19313.0
1060.0,0.665,-10.0,1.8117989301681519,0.0,5000.0,19314.0
1061.0,0.66525,2.0,2.0456994904412165,1.0,5000.0,19323.0
1062.0,0.6655,-12.0,1.8772420088450115,0.0,5000.0,19326.0
1063.0,0.6657500000000001,-7.0,1.8730746242735121,1.0,5000.0,19344.0
1064.0,0.666,-41.0,1.9228600896894932,0.0,5000.0,19376.0
1065.0,0.66625,3.0,2.0122324526309967,1.0,5000.0,19384.0
1066.0,0.6665,9.0,2.547950506210327,1.0,5000.0,19386.0
1067.0,0.66675,-35.0,1.9240166664123535,0.0,5000.0,19421.0
1068.0,0.667,-35.0,1.852210021018982,0.0,5000.0,19456.0
1069.0,0.66725,10.0,1.5078874826431274,1.0,5000.0,19457.0
1070.0,0.6675,-10.0,1.724863052368164,0.0,5000.0,19458.0
1071.0,0.6677500000000001,-12.0,2.0336294174194336,0.0,5000.0,19461.0
1072.0,0.6679999999999999,8.0,1.9267590840657551,1.0,5000.0,19464.0
1073.0,0.66825,-3.0,1.8846885987690516,1.0,5000.0,19478.0
1074.0,0.6685000000000001,-35.0,1.8560539858681815,0.0,5000.0,19513.0
1075.0,0.66875,-10.0,1.9962559938430786,0.0,5000.0,19514.0
1076.0,0.669,-12.0,2.1598638693491616,0.0,5000.0,19517.0
1077.0,0.66925,8.0,1.8811949094136555,1.0,5000.0,19520.0
1078.0,0.6695,-12.0,2.0247134367624917,0.0,5000.0,19523.0
1079.0,0.6697500000000001,-12.0,1.495621959368388,0.0,5000.0,19526.0
1080.0,0.67,-35.0,2.0325644867760793,0.0,5000.0,19561.0
1081.0,0.67025,-12.0,1.9071234862009685,0.0,5000.0,19564.0
1082.0,0.6705,-35.0,1.9830136060714723,0.0,5000.0,19599.0
1083.0,0.67075,-35.0,1.8490658283233643,0.0,5000.0,19634.0
1084.0,0.671,7.0,1.7135819494724274,1.0,5000.0,19638.0
1085.0,0.67125,-13.0,2.15219846367836,0.0,5000.0,19642.0
1086.0,0.6715,9.0,2.1068050861358643,1.0,5000.0,19644.0
1087.0,0.6717500000000001,-35.0,1.932035950251988,0.0,5000.0,19679.0
1088.0,0.6719999999999999,9.0,2.3385356664657593,1.0,5000.0,19681.0
1089.0,0.67225,-35.0,1.9269885608128139,0.0,5000.0,19716.0
1090.0,0.6725,-10.0,1.8907272815704346,0.0,5000.0,19717.0
1091.0,0.67275,10.0,1.7086491584777832,1.0,5000.0,19718.0
1092.0,0.673,-35.0,1.9318762166159493,0.0,5000.0,19753.0
1093.0,0.67325,10.0,1.9232045412063599,1.0,5000.0,19754.0
1094.0,0.6735,2.0,1.9096384048461914,1.0,5000.0,19763.0
1095.0,0.6737500000000001,9.0,1.8583552837371826,1.0,5000.0,19765.0
1096.0,0.6739999999999999,-13.0,1.688110500574112,0.0,5000.0,19769.0
1097.0,0.67425,-35.0,1.950232652255467,0.0,5000.0,19804.0
1098.0,0.6745000000000001,8.0,1.8098890384038289,1.0,5000.0,19807.0
1099.0,0.67475,9.0,1.6507812142372131,1.0,5000.0,19809.0
1100.0,0.675,8.0,1.7728296518325806,1.0,5000.0,19812.0
1101.0,0.67525,7.0,1.9170267283916473,1.0,5000.0,19816.0
1102.0,0.6755,9.0,2.176971197128296,1.0,5000.0,19818.0
1103.0,0.6757500000000001,-35.0,1.9286886862346104,0.0,5000.0,19853.0
1104.0,0.676,8.0,1.5481141010920207,1.0,5000.0,19856.0
1105.0,0.67625,-11.0,2.250990867614746,0.0,5000.0,19858.0
1106.0,0.6765,-35.0,1.9338745321546282,0.0,5000.0,19893.0
1107.0,0.67675,6.0,1.695818829536438,1.0,5000.0,19898.0
1108.0,0.677,-10.0,2.009964942932129,0.0,5000.0,19899.0
1109.0,0.67725,-11.0,1.6291701197624207,0.0,5000.0,19901.0
1110.0,0.6775,8.0,2.3471906185150146,1.0,5000.0,19904.0
1111.0,0.6777500000000001,9.0,1.813624083995819,1.0,5000.0,19906.0
1112.0,0.6779999999999999,-10.0,1.722334623336792,0.0,5000.0,19907.0
1113.0,0.67825,10.0,1.3025298118591309,1.0,5000.0,19908.0
1114.0,0.6785,10.0,1.2390977144241333,1.0,5000.0,19909.0
1115.0,0.67875,10.0,1.74235200881958,1.0,5000.0,19910.0
1116.0,0.679,-35.0,1.8726169449942454,0.0,5000.0,19945.0
1117.0,0.67925,-35.0,1.9369734968457903,0.0,5000.0,19980.0
1118.0,0.6795,-11.0,1.9630393981933594,0.0,5000.0,19982.0
1119.0,0.6797500000000001,-35.0,1.8570317574909756,0.0,5000.0,20017.0
1120.0,0.6799999999999999,-35.0,1.9597152096884591,0.0,5000.0,20052.0
1121.0,0.68025,-35.0,1.897233520235334,0.0,5000.0,20087.0
1122.0,0.6805000000000001,-35.0,1.940203172819955,0.0,5000.0,20122.0
1123.0,0.68075,-35.0,1.9350821563175746,0.0,5000.0,20157.0
1124.0,0.681,-35.0,1.832680916786194,0.0,5000.0,20192.0
1125.0,0.68125,-10.0,1.7319204807281494,0.0,5000.0,20193.0
1126.0,0.6815,9.0,1.6344700455665588,1.0,5000.0,20195.0
1127.0,0.6817500000000001,8.0,1.8705367644627888,1.0,5000.0,20198.0
1128.0,0.6819999999999999,-35.0,1.8985658543450492,0.0,5000.0,20233.0
1129.0,0.68225,-35.0,1.8213700601032803,0.0,5000.0,20268.0
1130.0,0.6825,-24.0,1.8278644800186157,0.0,5000.0,20283.0
1131.0,0.68275,-35.0,1.9669591358729772,0.0,5000.0,20318.0
1132.0,0.683,-10.0,2.062605142593384,0.0,5000.0,20319.0
1133.0,0.68325,-35.0,1.8827177865164622,0.0,5000.0,20354.0
1134.0,0.6835,-10.0,1.506824254989624,0.0,5000.0,20355.0
1135.0,0.6837500000000001,-35.0,1.8707874264035906,0.0,5000.0,20390.0
1136.0,0.6839999999999999,-12.0,1.787731687227885,0.0,5000.0,20393.0
1137.0,0.68425,-35.0,1.8544217041560582,0.0,5000.0,20428.0
1138.0,0.6845,-12.0,1.8788827260335286,0.0,5000.0,20431.0
1139.0,0.68475,-10.0,1.8205164670944214,0.0,5000.0,20432.0
1140.0,0.685,-35.0,1.8638766016278947,0.0,5000.0,20467.0
1141.0,0.68525,-10.0,1.9248820543289185,0.0,5000.0,20468.0
1142.0,0.6855,-10.0,1.5340849161148071,0.0,5000.0,20469.0
1143.0,0.6857500000000001,-15.0,1.9716814848092885,1.0,5000.0,20495.0
1144.0,0.6859999999999999,-16.0,1.8204668760299683,0.0,5000.0,20502.0
1145.0,0.68625,-35.0,1.9736480474472047,0.0,5000.0,20537.0
1146.0,0.6865,10.0,1.415881633758545,1.0,5000.0,20538.0
1147.0,0.68675,-35.0,1.8521073034831457,0.0,5000.0,20573.0
1148.0,0.687,-35.0,1.968288288797651,0.0,5000.0,20608.0
1149.0,0.68725,-35.0,1.9536153657095774,0.0,5000.0,20643.0
1150.0,0.6875,8.0,2.06514040629069,1.0,5000.0,20646.0
1151.0,0.68775,-11.0,1.8396151716058904,1.0,5000.0,20668.0
1152.0,0.688,-18.0,1.8318050569958158,0.0,5000.0,20677.0
1153.0,0.68825,-10.0,1.6374964714050293,0.0,5000.0,20678.0
1154.0,0.6885,8.0,2.2060153086980185,1.0,5000.0,20681.0
1155.0,0.68875,-12.0,2.2786768674850464,0.0,5000.0,20684.0
1156.0,0.6890000000000001,-35.0,1.860937489782061,0.0,5000.0,20719.0
1157.0,0.6892499999999999,8.0,1.5676113764444988,1.0,5000.0,20722.0
1158.0,0.6895,-10.0,2.170896530151367,0.0,5000.0,20723.0
1159.0,0.6897500000000001,-35.0,1.8485295942851476,0.0,5000.0,20758.0
1160.0,0.69,-13.0,2.006340056657791,0.0,5000.0,20762.0
1161.0,0.69025,-10.0,2.044215202331543,0.0,5000.0,20763.0
1162.0,0.6905,-35.0,1.910169666154044,0.0,5000.0,20798.0
1163.0,0.69075,-10.0,2.223161458969116,0.0,5000.0,20799.0
1164.0,0.6910000000000001,-11.0,1.9680862426757812,0.0,5000.0,20801.0
1165.0,0.69125,-35.0,1.864117888041905,0.0,5000.0,20836.0
1166.0,0.6915,9.0,1.6893704533576965,1.0,5000.0,20838.0
1167.0,0.6917500000000001,-35.0,1.8695200749805996,0.0,5000.0,20873.0
1168.0,0.692,-10.0,2.3500418663024902,0.0,5000.0,20874.0
1169.0,0.69225,-2.0,1.7635713173792913,1.0,5000.0,20887.0
1170.0,0.6925,-35.0,1.8625835350581579,0.0,5000.0,20922.0
1171.0,0.69275,-35.0,1.875216347830636,0.0,5000.0,20957.0
1172.0,0.6930000000000001,-35.0,1.978522709437779,0.0,5000.0,20992.0
1173.0,0.69325,-19.0,1.9353320121765136,0.0,5000.0,21002.0
1174.0,0.6935,-10.0,1.5042836666107178,0.0,5000.0,21003.0
1175.0,0.69375,-35.0,1.9426046098981584,0.0,5000.0,21038.0
1176.0,0.694,-35.0,1.8569820710590907,0.0,5000.0,21073.0
1177.0,0.69425,-10.0,1.882491111755371,0.0,5000.0,21074.0
1178.0,0.6945,-35.0,1.8817652872630528,0.0,5000.0,21109.0
1179.0,0.69475,-10.0,1.680586814880371,0.0,5000.0,21110.0
1180.0,0.6950000000000001,-20.0,1.9065142436461016,0.0,5000.0,21121.0
1181.0,0.6952499999999999,-14.0,1.7194526433944701,0.0,5000.0,21126.0
1182.0,0.6955,-11.0,1.9627288579940796,0.0,5000.0,21128.0
1183.0,0.6957500000000001,-12.0,2.073336601257324,0.0,5000.0,21131.0
1184.0,0.696,-35.0,1.8694291455405099,0.0,5000.0,21166.0
1185.0,0.69625,-35.0,1.8157613549913678,0.0,5000.0,21201.0
1186.0,0.6965,-12.0,2.0970377922058105,0.0,5000.0,21204.0
1187.0,0.69675,10.0,1.8434232473373413,1.0,5000.0,21205.0
1188.0,0.6970000000000001,-35.0,1.8368047237396241,0.0,5000.0,21240.0
1189.0,0.69725,-31.0,1.8749282956123352,0.0,5000.0,21262.0
1190.0,0.6975,-8.0,2.021166161486977,1.0,5000.0,21281.0
1191.0,0.6977500000000001,6.0,1.842668628692627,1.0,5000.0,21286.0
1192.0,0.698,-13.0,1.652259200811386,0.0,5000.0,21290.0
1193.0,0.69825,3.0,1.9450199902057648,1.0,5000.0,21298.0
1194.0,0.6985,-35.0,1.8547302995409285,0.0,5000.0,21333.0
1195.0,0.69875,-13.0,2.183884620666504,0.0,5000.0,21337.0
1196.0,0.6990000000000001,-13.0,1.9776225686073303,0.0,5000.0,21341.0
1197.0,0.69925,-26.0,1.8665465607362635,0.0,5000.0,21358.0
1198.0,0.6995,-35.0,1.9141021251678467,0.0,5000.0,21393.0
1199.0,0.69975,-35.0,1.9485149792262486,0.0,5000.0,21428.0
1200.0,0.7,10.0,2.290537118911743,1.0,5000.0,21429.0
